ID:0;6
ID:1;7
ID:2;5
ID:3;7
ID:4;2
ID:5;5
ID:6;1
ID:7;10
ID:8;1
ID:9;5
ID:10;10
ID:11;4
ID:12;9
ID:13;3
ID:14;1
ID:15;5
ID:16;1
ID:17;8
ID:18;3
ID:19;4
ID:20;8
ID:21;1
ID:22;9
ID:23;4
ID:24;9
ID:25;2
ID:26;6
ID:27;8
ID:28;10
ID:29;9
ID:30;3
ID:31;10
ID:32;9
ID:33;7
ID:34;8
ID:35;4
ID:36;6
ID:37;6
ID:38;1
ID:39;1
ID:40;9
ID:41;2
ID:42;8
ID:43;5
ID:44;9
ID:45;2
ID:46;8
ID:47;7
ID:48;8
ID:49;10
ID:50;10
ID:51;7
ID:52;10
ID:53;2
ID:54;2
ID:55;6
ID:56;9
ID:57;1
ID:58;9
ID:59;10
ID:60;10
ID:61;3
ID:62;10
ID:63;2
ID:64;2
ID:65;10
ID:66;6
ID:67;3
ID:68;6
ID:69;7
ID:70;9
ID:71;6
ID:72;8
ID:73;3
ID:74;5
ID:75;7
ID:76;3
ID:77;4
ID:78;6
ID:79;8
ID:80;5
ID:81;9
ID:82;1
ID:83;1
ID:84;10
ID:85;6
ID:86;1
ID:87;7
ID:88;5
ID:89;2
ID:90;6
ID:91;6
ID:92;7
ID:93;1
ID:94;2
ID:95;7
ID:96;2
ID:97;6
ID:98;3
ID:99;9
ID:100;7
ID:101;6
ID:102;2
ID:103;1
ID:104;1
ID:105;4
ID:106;10
ID:107;8
ID:108;7
ID:109;5
ID:110;3
ID:111;5
ID:112;6
ID:113;2
ID:114;6
ID:115;1
ID:116;3
ID:117;9
ID:118;3
ID:119;6
ID:120;10
ID:121;9
ID:122;8
ID:123;4
ID:124;1
ID:125;4
ID:126;9
ID:127;7
ID:128;1
ID:129;9
ID:130;6
ID:131;8
ID:132;2
ID:133;7
ID:134;1
ID:135;9
ID:136;7
ID:137;10
ID:138;1
ID:139;6
ID:140;7
ID:141;3
ID:142;10
ID:143;1
ID:144;10
ID:145;2
ID:146;10
ID:147;6
ID:148;6
ID:149;1
ID:150;4
ID:151;3
ID:152;4
ID:153;7
ID:154;10
ID:155;8
ID:156;8
ID:157;9
ID:158;1
ID:159;7
ID:160;6
ID:161;4
ID:162;7
ID:163;9
ID:164;10
ID:165;6
ID:166;4
ID:167;10
ID:168;1
ID:169;7
ID:170;4
ID:171;4
ID:172;9
ID:173;7
ID:174;10
ID:175;7
ID:176;10
ID:177;8
ID:178;5
ID:179;10
ID:180;4
ID:181;3
ID:182;1
ID:183;10
ID:184;5
ID:185;3
ID:186;4
ID:187;5
ID:188;7
ID:189;4
ID:190;1
ID:191;9
ID:192;10
ID:193;4
ID:194;10
ID:195;3
ID:196;7
ID:197;2
ID:198;2
ID:199;4
ID:200;8
ID:201;1
ID:202;5
ID:203;10
ID:204;8
ID:205;1
ID:206;5
ID:207;7
ID:208;8
ID:209;3
ID:210;8
ID:211;1
ID:212;4
ID:213;1
ID:214;4
ID:215;3
ID:216;3
ID:217;7
ID:218;4
ID:219;7
ID:220;2
ID:221;10
ID:222;3
ID:223;7
ID:224;6
ID:225;5
ID:226;4
ID:227;6
ID:228;7
ID:229;7
ID:230;1
ID:231;8
ID:232;7
ID:233;1
ID:234;3
ID:235;3
ID:236;9
ID:237;2
ID:238;3
ID:239;5
ID:240;9
ID:241;8
ID:242;8
ID:243;4
ID:244;6
ID:245;1
ID:246;5
ID:247;10
ID:248;1
ID:249;8
ID:250;10
ID:251;1
ID:252;9
ID:253;5
ID:254;2
ID:255;9
ID:256;9
ID:257;8
ID:258;4
ID:259;3
ID:260;8
ID:261;9
ID:262;10
ID:263;1
ID:264;3
ID:265;10
ID:266;5
ID:267;4
ID:268;9
ID:269;1
ID:270;5
ID:271;2
ID:272;4
ID:273;10
ID:274;8
ID:275;5
ID:276;3
ID:277;9
ID:278;2
ID:279;6
ID:280;10
ID:281;5
ID:282;6
ID:283;10
ID:284;8
ID:285;10
ID:286;10
ID:287;2
ID:288;10
ID:289;5
ID:290;5
ID:291;1
ID:292;8
ID:293;10
ID:294;7
ID:295;10
ID:296;8
ID:297;7
ID:298;1
ID:299;6
ID:300;6
ID:301;2
ID:302;2
ID:303;10
ID:304;3
ID:305;9
ID:306;7
ID:307;10
ID:308;7
ID:309;7
ID:310;7
ID:311;1
ID:312;7
ID:313;9
ID:314;3
ID:315;3
ID:316;4
ID:317;1
ID:318;4
ID:319;4
ID:320;1
ID:321;3
ID:322;5
ID:323;4
ID:324;7
ID:325;5
ID:326;5
ID:327;4
ID:328;3
ID:329;9
ID:330;8
ID:331;6
ID:332;8
ID:333;6
ID:334;10
ID:335;9
ID:336;4
ID:337;6
ID:338;7
ID:339;9
ID:340;4
ID:341;1
ID:342;5
ID:343;3
ID:344;9
ID:345;4
ID:346;4
ID:347;10
ID:348;7
ID:349;5
ID:350;6
ID:351;8
ID:352;4
ID:353;8
ID:354;6
ID:355;4
ID:356;8
ID:357;8
ID:358;4
ID:359;9
ID:360;5
ID:361;3
ID:362;7
ID:363;9
ID:364;9
ID:365;1
ID:366;3
ID:367;2
ID:368;9
ID:369;5
ID:370;10
ID:371;9
ID:372;4
ID:373;5
ID:374;10
ID:375;10
ID:376;8
ID:377;2
ID:378;6
ID:379;3
ID:380;2
ID:381;5
ID:382;8
ID:383;8
ID:384;3
ID:385;1
ID:386;2
ID:387;10
ID:388;10
ID:389;7
ID:390;1
ID:391;7
ID:392;3
ID:393;9
ID:394;5
ID:395;2
ID:396;4
ID:397;7
ID:398;4
ID:399;8
ID:400;1
ID:401;2
ID:402;1
ID:403;3
ID:404;6
ID:405;8
ID:406;4
ID:407;10
ID:408;9
ID:409;7
ID:410;6
ID:411;6
ID:412;2
ID:413;1
ID:414;7
ID:415;10
ID:416;6
ID:417;9
ID:418;7
ID:419;9
ID:420;10
ID:421;4
ID:422;3
ID:423;3
ID:424;4
ID:425;3
ID:426;6
ID:427;5
ID:428;10
ID:429;9
ID:430;6
ID:431;2
ID:432;9
ID:433;9
ID:434;2
ID:435;10
ID:436;5
ID:437;5
ID:438;3
ID:439;5
ID:440;7
ID:441;2
ID:442;2
ID:443;4
ID:444;2
ID:445;6
ID:446;6
ID:447;3
ID:448;3
ID:449;6
ID:450;6
ID:451;5
ID:452;10
ID:453;6
ID:454;9
ID:455;8
ID:456;10
ID:457;9
ID:458;9
ID:459;3
ID:460;3
ID:461;10
ID:462;10
ID:463;10
ID:464;1
ID:465;4
ID:466;7
ID:467;3
ID:468;9
ID:469;8
ID:470;5
ID:471;1
ID:472;7
ID:473;3
ID:474;2
ID:475;8
ID:476;3
ID:477;9
ID:478;2
ID:479;9
ID:480;8
ID:481;4
ID:482;3
ID:483;5
ID:484;3
ID:485;1
ID:486;2
ID:487;4
ID:488;1
ID:489;5
ID:490;1
ID:491;6
ID:492;7
ID:493;10
ID:494;3
ID:495;8
ID:496;3
ID:497;2
ID:498;3
ID:499;8
ID:500;9
ID:501;3
ID:502;4
ID:503;6
ID:504;1
ID:505;6
ID:506;9
ID:507;8
ID:508;4
ID:509;1
ID:510;6
ID:511;1
ID:512;8
ID:513;10
ID:514;6
ID:515;9
ID:516;7
ID:517;6
ID:518;7
ID:519;10
ID:520;3
ID:521;4
ID:522;2
ID:523;5
ID:524;7
ID:525;10
ID:526;4
ID:527;7
ID:528;1
ID:529;4
ID:530;6
ID:531;1
ID:532;7
ID:533;4
ID:534;10
ID:535;5
ID:536;1
ID:537;8
ID:538;4
ID:539;8
ID:540;3
ID:541;5
ID:542;10
ID:543;10
ID:544;9
ID:545;10
ID:546;9
ID:547;7
ID:548;5
ID:549;4
ID:550;2
ID:551;7
ID:552;5
ID:553;4
ID:554;5
ID:555;6
ID:556;1
ID:557;9
ID:558;9
ID:559;2
ID:560;2
ID:561;2
ID:562;8
ID:563;1
ID:564;6
ID:565;5
ID:566;5
ID:567;4
ID:568;1
ID:569;2
ID:570;9
ID:571;10
ID:572;2
ID:573;10
ID:574;8
ID:575;9
ID:576;4
ID:577;3
ID:578;6
ID:579;8
ID:580;1
ID:581;8
ID:582;3
ID:583;7
ID:584;3
ID:585;9
ID:586;6
ID:587;4
ID:588;10
ID:589;5
ID:590;4
ID:591;2
ID:592;10
ID:593;3
ID:594;7
ID:595;1
ID:596;7
ID:597;10
ID:598;5
ID:599;5
ID:600;6
ID:601;6
ID:602;7
ID:603;4
ID:604;6
ID:605;2
ID:606;5
ID:607;6
ID:608;7
ID:609;7
ID:610;2
ID:611;9
ID:612;3
ID:613;1
ID:614;1
ID:615;5
ID:616;10
ID:617;1
ID:618;9
ID:619;7
ID:620;9
ID:621;2
ID:622;5
ID:623;7
ID:624;8
ID:625;7
ID:626;10
ID:627;10
ID:628;3
ID:629;7
ID:630;2
ID:631;5
ID:632;8
ID:633;2
ID:634;3
ID:635;6
ID:636;1
ID:637;9
ID:638;2
ID:639;1
ID:640;5
ID:641;1
ID:642;8
ID:643;3
ID:644;3
ID:645;6
ID:646;10
ID:647;9
ID:648;2
ID:649;3
ID:650;1
ID:651;6
ID:652;2
ID:653;8
ID:654;6
ID:655;5
ID:656;1
ID:657;10
ID:658;6
ID:659;10
ID:660;3
ID:661;5
ID:662;4
ID:663;10
ID:664;5
ID:665;8
ID:666;1
ID:667;2
ID:668;9
ID:669;6
ID:670;4
ID:671;1
ID:672;10
ID:673;8
ID:674;3
ID:675;9
ID:676;4
ID:677;2
ID:678;5
ID:679;3
ID:680;8
ID:681;2
ID:682;9
ID:683;1
ID:684;6
ID:685;7
ID:686;3
ID:687;1
ID:688;6
ID:689;9
ID:690;5
ID:691;1
ID:692;3
ID:693;3
ID:694;9
ID:695;10
ID:696;7
ID:697;8
ID:698;8
ID:699;5
ID:700;5
ID:701;8
ID:702;1
ID:703;6
ID:704;9
ID:705;10
ID:706;6
ID:707;4
ID:708;6
ID:709;7
ID:710;1
ID:711;9
ID:712;6
ID:713;4
ID:714;2
ID:715;1
ID:716;7
ID:717;3
ID:718;4
ID:719;9
ID:720;5
ID:721;1
ID:722;6
ID:723;1
ID:724;1
ID:725;3
ID:726;9
ID:727;8
ID:728;10
ID:729;3
ID:730;2
ID:731;7
ID:732;5
ID:733;1
ID:734;9
ID:735;10
ID:736;1
ID:737;3
ID:738;2
ID:739;6
ID:740;1
ID:741;10
ID:742;5
ID:743;10
ID:744;9
ID:745;6
ID:746;6
ID:747;10
ID:748;1
ID:749;8
ID:750;4
ID:751;5
ID:752;4
ID:753;10
ID:754;10
ID:755;4
ID:756;3
ID:757;1
ID:758;5
ID:759;7
ID:760;2
ID:761;9
ID:762;5
ID:763;4
ID:764;5
ID:765;4
ID:766;5
ID:767;6
ID:768;6
ID:769;3
ID:770;1
ID:771;4
ID:772;2
ID:773;9
ID:774;9
ID:775;6
ID:776;7
ID:777;7
ID:778;2
ID:779;5
ID:780;7
ID:781;9
ID:782;8
ID:783;2
ID:784;10
ID:785;8
ID:786;3
ID:787;5
ID:788;1
ID:789;6
ID:790;7
ID:791;1
ID:792;8
ID:793;6
ID:794;5
ID:795;2
ID:796;5
ID:797;2
ID:798;5
ID:799;5
ID:800;2
ID:801;10
ID:802;5
ID:803;8
ID:804;8
ID:805;10
ID:806;4
ID:807;6
ID:808;2
ID:809;4
ID:810;7
ID:811;7
ID:812;9
ID:813;10
ID:814;10
ID:815;4
ID:816;2
ID:817;4
ID:818;4
ID:819;8
ID:820;2
ID:821;10
ID:822;5
ID:823;1
ID:824;7
ID:825;10
ID:826;7
ID:827;7
ID:828;4
ID:829;7
ID:830;2
ID:831;6
ID:832;2
ID:833;8
ID:834;4
ID:835;7
ID:836;5
ID:837;10
ID:838;5
ID:839;1
ID:840;5
ID:841;8
ID:842;4
ID:843;7
ID:844;9
ID:845;1
ID:846;2
ID:847;8
ID:848;6
ID:849;1
ID:850;1
ID:851;2
ID:852;8
ID:853;7
ID:854;4
ID:855;2
ID:856;6
ID:857;5
ID:858;2
ID:859;8
ID:860;4
ID:861;8
ID:862;2
ID:863;6
ID:864;3
ID:865;2
ID:866;5
ID:867;1
ID:868;7
ID:869;3
ID:870;9
ID:871;2
ID:872;10
ID:873;4
ID:874;4
ID:875;5
ID:876;7
ID:877;8
ID:878;2
ID:879;6
ID:880;9
ID:881;9
ID:882;1
ID:883;3
ID:884;6
ID:885;1
ID:886;8
ID:887;5
ID:888;5
ID:889;2
ID:890;2
ID:891;1
ID:892;8
ID:893;7
ID:894;8
ID:895;8
ID:896;6
ID:897;9
ID:898;5
ID:899;7
ID:900;6
ID:901;2
ID:902;2
ID:903;3
ID:904;3
ID:905;9
ID:906;3
ID:907;5
ID:908;4
ID:909;9
ID:910;6
ID:911;8
ID:912;3
ID:913;6
ID:914;10
ID:915;5
ID:916;7
ID:917;9
ID:918;10
ID:919;2
ID:920;4
ID:921;10
ID:922;7
ID:923;5
ID:924;2
ID:925;9
ID:926;5
ID:927;3
ID:928;7
ID:929;6
ID:930;9
ID:931;8
ID:932;4
ID:933;6
ID:934;1
ID:935;7
ID:936;7
ID:937;9
ID:938;1
ID:939;7
ID:940;9
ID:941;4
ID:942;1
ID:943;6
ID:944;7
ID:945;5
ID:946;9
ID:947;2
ID:948;8
ID:949;3
ID:950;1
ID:951;7
ID:952;10
ID:953;3
ID:954;3
ID:955;6
ID:956;6
ID:957;8
ID:958;2
ID:959;4
ID:960;5
ID:961;10
ID:962;8
ID:963;9
ID:964;1
ID:965;9
ID:966;5
ID:967;8
ID:968;6
ID:969;3
ID:970;9
ID:971;9
ID:972;9
ID:973;3
ID:974;4
ID:975;1
ID:976;10
ID:977;1
ID:978;9
ID:979;7
ID:980;1
ID:981;3
ID:982;5
ID:983;4
ID:984;6
ID:985;3
ID:986;9
ID:987;1
ID:988;3
ID:989;5
ID:990;2
ID:991;10
ID:992;7
ID:993;7
ID:994;3
ID:995;9
ID:996;6
ID:997;3
ID:998;6
ID:999;8
ID:1000;1
ID:1001;2
ID:1002;7
ID:1003;5
ID:1004;5
ID:1005;3
ID:1006;9
ID:1007;7
ID:1008;9
ID:1009;3
ID:1010;7
ID:1011;5
ID:1012;10
ID:1013;5
ID:1014;4
ID:1015;3
ID:1016;6
ID:1017;4
ID:1018;3
ID:1019;8
ID:1020;1
ID:1021;4
ID:1022;5
ID:1023;1
ID:1024;2
ID:1025;9
ID:1026;2
ID:1027;2
ID:1028;1
ID:1029;6
ID:1030;6
ID:1031;7
ID:1032;5
ID:1033;1
ID:1034;7
ID:1035;10
ID:1036;6
ID:1037;10
ID:1038;10
ID:1039;3
ID:1040;5
ID:1041;2
ID:1042;2
ID:1043;10
ID:1044;9
ID:1045;7
ID:1046;1
ID:1047;3
ID:1048;4
ID:1049;1
ID:1050;4
ID:1051;2
ID:1052;10
ID:1053;8
ID:1054;8
ID:1055;7
ID:1056;7
ID:1057;6
ID:1058;4
ID:1059;6
ID:1060;1
ID:1061;8
ID:1062;7
ID:1063;4
ID:1064;8
ID:1065;1
ID:1066;1
ID:1067;9
ID:1068;8
ID:1069;5
ID:1070;7
ID:1071;6
ID:1072;5
ID:1073;10
ID:1074;4
ID:1075;9
ID:1076;3
ID:1077;6
ID:1078;3
ID:1079;5
ID:1080;9
ID:1081;10
ID:1082;9
ID:1083;10
ID:1084;3
ID:1085;4
ID:1086;7
ID:1087;7
ID:1088;3
ID:1089;1
ID:1090;4
ID:1091;1
ID:1092;6
ID:1093;5
ID:1094;3
ID:1095;8
ID:1096;6
ID:1097;9
ID:1098;3
ID:1099;9
ID:1100;7
ID:1101;2
ID:1102;5
ID:1103;9
ID:1104;5
ID:1105;8
ID:1106;8
ID:1107;1
ID:1108;5
ID:1109;10
ID:1110;4
ID:1111;2
ID:1112;4
ID:1113;10
ID:1114;7
ID:1115;1
ID:1116;9
ID:1117;7
ID:1118;1
ID:1119;4
ID:1120;4
ID:1121;4
ID:1122;7
ID:1123;8
ID:1124;2
ID:1125;7
ID:1126;10
ID:1127;10
ID:1128;8
ID:1129;7
ID:1130;4
ID:1131;5
ID:1132;3
ID:1133;5
ID:1134;9
ID:1135;7
ID:1136;6
ID:1137;10
ID:1138;6
ID:1139;6
ID:1140;6
ID:1141;7
ID:1142;3
ID:1143;4
ID:1144;7
ID:1145;3
ID:1146;7
ID:1147;7
ID:1148;8
ID:1149;2
ID:1150;9
ID:1151;9
ID:1152;8
ID:1153;9
ID:1154;5
ID:1155;3
ID:1156;6
ID:1157;7
ID:1158;8
ID:1159;9
ID:1160;9
ID:1161;9
ID:1162;3
ID:1163;9
ID:1164;6
ID:1165;10
ID:1166;9
ID:1167;10
ID:1168;1
ID:1169;10
ID:1170;6
ID:1171;10
ID:1172;2
ID:1173;6
ID:1174;9
ID:1175;8
ID:1176;2
ID:1177;4
ID:1178;1
ID:1179;10
ID:1180;10
ID:1181;3
ID:1182;2
ID:1183;7
ID:1184;9
ID:1185;6
ID:1186;8
ID:1187;4
ID:1188;10
ID:1189;6
ID:1190;2
ID:1191;9
ID:1192;2
ID:1193;8
ID:1194;8
ID:1195;8
ID:1196;4
ID:1197;5
ID:1198;8
ID:1199;8
ID:1200;4
ID:1201;7
ID:1202;6
ID:1203;8
ID:1204;6
ID:1205;9
ID:1206;7
ID:1207;2
ID:1208;1
ID:1209;7
ID:1210;2
ID:1211;3
ID:1212;7
ID:1213;9
ID:1214;9
ID:1215;6
ID:1216;7
ID:1217;7
ID:1218;10
ID:1219;1
ID:1220;3
ID:1221;6
ID:1222;10
ID:1223;6
ID:1224;9
ID:1225;7
ID:1226;8
ID:1227;5
ID:1228;9
ID:1229;1
ID:1230;4
ID:1231;8
ID:1232;6
ID:1233;3
ID:1234;6
ID:1235;3
ID:1236;7
ID:1237;4
ID:1238;1
ID:1239;10
ID:1240;9
ID:1241;6
ID:1242;3
ID:1243;3
ID:1244;4
ID:1245;10
ID:1246;2
ID:1247;4
ID:1248;9
ID:1249;2
ID:1250;2
ID:1251;8
ID:1252;5
ID:1253;7
ID:1254;6
ID:1255;9
ID:1256;8
ID:1257;1
ID:1258;10
ID:1259;10
ID:1260;1
ID:1261;2
ID:1262;3
ID:1263;1
ID:1264;4
ID:1265;5
ID:1266;7
ID:1267;5
ID:1268;3
ID:1269;6
ID:1270;9
ID:1271;3
ID:1272;7
ID:1273;1
ID:1274;3
ID:1275;7
ID:1276;3
ID:1277;8
ID:1278;2
ID:1279;9
ID:1280;6
ID:1281;5
ID:1282;6
ID:1283;7
ID:1284;10
ID:1285;7
ID:1286;3
ID:1287;10
ID:1288;8
ID:1289;8
ID:1290;6
ID:1291;7
ID:1292;5
ID:1293;2
ID:1294;9
ID:1295;7
ID:1296;3
ID:1297;3
ID:1298;10
ID:1299;10
ID:1300;4
ID:1301;8
ID:1302;1
ID:1303;3
ID:1304;4
ID:1305;9
ID:1306;2
ID:1307;4
ID:1308;5
ID:1309;9
ID:1310;6
ID:1311;10
ID:1312;9
ID:1313;1
ID:1314;4
ID:1315;7
ID:1316;7
ID:1317;7
ID:1318;1
ID:1319;8
ID:1320;2
ID:1321;8
ID:1322;8
ID:1323;6
ID:1324;1
ID:1325;3
ID:1326;9
ID:1327;6
ID:1328;2
ID:1329;6
ID:1330;5
ID:1331;1
ID:1332;8
ID:1333;3
ID:1334;6
ID:1335;8
ID:1336;4
ID:1337;3
ID:1338;4
ID:1339;2
ID:1340;5
ID:1341;10
ID:1342;5
ID:1343;9
ID:1344;3
ID:1345;6
ID:1346;8
ID:1347;4
ID:1348;8
ID:1349;3
ID:1350;1
ID:1351;7
ID:1352;2
ID:1353;3
ID:1354;8
ID:1355;6
ID:1356;1
ID:1357;6
ID:1358;3
ID:1359;1
ID:1360;1
ID:1361;7
ID:1362;3
ID:1363;10
ID:1364;4
ID:1365;5
ID:1366;2
ID:1367;7
ID:1368;6
ID:1369;7
ID:1370;3
ID:1371;4
ID:1372;3
ID:1373;10
ID:1374;3
ID:1375;3
ID:1376;3
ID:1377;9
ID:1378;3
ID:1379;5
ID:1380;6
ID:1381;5
ID:1382;8
ID:1383;9
ID:1384;5
ID:1385;9
ID:1386;10
ID:1387;6
ID:1388;6
ID:1389;10
ID:1390;8
ID:1391;9
ID:1392;1
ID:1393;4
ID:1394;1
ID:1395;9
ID:1396;7
ID:1397;6
ID:1398;5
ID:1399;9
ID:1400;4
ID:1401;2
ID:1402;9
ID:1403;1
ID:1404;1
ID:1405;8
ID:1406;5
ID:1407;2
ID:1408;10
ID:1409;5
ID:1410;4
ID:1411;3
ID:1412;4
ID:1413;9
ID:1414;6
ID:1415;7
ID:1416;9
ID:1417;4
ID:1418;5
ID:1419;6
ID:1420;6
ID:1421;7
ID:1422;1
ID:1423;6
ID:1424;10
ID:1425;5
ID:1426;4
ID:1427;9
ID:1428;10
ID:1429;4
ID:1430;7
ID:1431;8
ID:1432;4
ID:1433;5
ID:1434;1
ID:1435;4
ID:1436;6
ID:1437;7
ID:1438;9
ID:1439;8
ID:1440;5
ID:1441;8
ID:1442;6
ID:1443;1
ID:1444;7
ID:1445;5
ID:1446;5
ID:1447;2
ID:1448;8
ID:1449;5
ID:1450;10
ID:1451;3
ID:1452;1
ID:1453;10
ID:1454;4
ID:1455;8
ID:1456;1
ID:1457;3
ID:1458;2
ID:1459;7
ID:1460;5
ID:1461;6
ID:1462;3
ID:1463;6
ID:1464;9
ID:1465;6
ID:1466;9
ID:1467;10
ID:1468;9
ID:1469;2
ID:1470;1
ID:1471;2
ID:1472;6
ID:1473;7
ID:1474;2
ID:1475;8
ID:1476;1
ID:1477;1
ID:1478;10
ID:1479;5
ID:1480;10
ID:1481;2
ID:1482;1
ID:1483;5
ID:1484;4
ID:1485;4
ID:1486;8
ID:1487;5
ID:1488;2
ID:1489;3
ID:1490;3
ID:1491;4
ID:1492;6
ID:1493;3
ID:1494;4
ID:1495;9
ID:1496;5
ID:1497;10
ID:1498;3
ID:1499;2
ID:1500;7
ID:1501;6
ID:1502;4
ID:1503;7
ID:1504;4
ID:1505;9
ID:1506;8
ID:1507;5
ID:1508;8
ID:1509;6
ID:1510;8
ID:1511;1
ID:1512;4
ID:1513;8
ID:1514;7
ID:1515;3
ID:1516;5
ID:1517;8
ID:1518;3
ID:1519;6
ID:1520;8
ID:1521;5
ID:1522;8
ID:1523;6
ID:1524;9
ID:1525;8
ID:1526;7
ID:1527;4
ID:1528;4
ID:1529;4
ID:1530;3
ID:1531;1
ID:1532;8
ID:1533;9
ID:1534;8
ID:1535;4
ID:1536;9
ID:1537;5
ID:1538;2
ID:1539;6
ID:1540;7
ID:1541;4
ID:1542;7
ID:1543;6
ID:1544;6
ID:1545;3
ID:1546;1
ID:1547;8
ID:1548;6
ID:1549;1
ID:1550;4
ID:1551;8
ID:1552;8
ID:1553;8
ID:1554;4
ID:1555;3
ID:1556;9
ID:1557;8
ID:1558;8
ID:1559;7
ID:1560;3
ID:1561;4
ID:1562;1
ID:1563;5
ID:1564;3
ID:1565;8
ID:1566;3
ID:1567;5
ID:1568;10
ID:1569;4
ID:1570;5
ID:1571;1
ID:1572;7
ID:1573;7
ID:1574;9
ID:1575;5
ID:1576;8
ID:1577;3
ID:1578;1
ID:1579;7
ID:1580;8
ID:1581;9
ID:1582;9
ID:1583;3
ID:1584;10
ID:1585;6
ID:1586;3
ID:1587;1
ID:1588;5
ID:1589;6
ID:1590;6
ID:1591;1
ID:1592;8
ID:1593;5
ID:1594;4
ID:1595;3
ID:1596;3
ID:1597;3
ID:1598;4
ID:1599;9
ID:1600;10
ID:1601;6
ID:1602;9
ID:1603;2
ID:1604;7
ID:1605;4
ID:1606;1
ID:1607;2
ID:1608;9
ID:1609;9
ID:1610;5
ID:1611;6
ID:1612;8
ID:1613;1
ID:1614;10
ID:1615;5
ID:1616;5
ID:1617;8
ID:1618;6
ID:1619;8
ID:1620;5
ID:1621;2
ID:1622;10
ID:1623;4
ID:1624;9
ID:1625;4
ID:1626;4
ID:1627;3
ID:1628;4
ID:1629;6
ID:1630;3
ID:1631;6
ID:1632;10
ID:1633;3
ID:1634;8
ID:1635;3
ID:1636;10
ID:1637;8
ID:1638;7
ID:1639;6
ID:1640;6
ID:1641;2
ID:1642;3
ID:1643;7
ID:1644;2
ID:1645;10
ID:1646;4
ID:1647;7
ID:1648;6
ID:1649;10
ID:1650;9
ID:1651;5
ID:1652;8
ID:1653;6
ID:1654;4
ID:1655;8
ID:1656;6
ID:1657;5
ID:1658;4
ID:1659;3
ID:1660;1
ID:1661;9
ID:1662;8
ID:1663;3
ID:1664;7
ID:1665;10
ID:1666;7
ID:1667;5
ID:1668;4
ID:1669;8
ID:1670;5
ID:1671;8
ID:1672;2
ID:1673;10
ID:1674;2
ID:1675;3
ID:1676;10
ID:1677;4
ID:1678;3
ID:1679;9
ID:1680;1
ID:1681;7
ID:1682;7
ID:1683;5
ID:1684;8
ID:1685;8
ID:1686;8
ID:1687;4
ID:1688;9
ID:1689;10
ID:1690;7
ID:1691;5
ID:1692;5
ID:1693;5
ID:1694;6
ID:1695;8
ID:1696;5
ID:1697;1
ID:1698;1
ID:1699;3
ID:1700;3
ID:1701;9
ID:1702;3
ID:1703;9
ID:1704;5
ID:1705;1
ID:1706;4
ID:1707;9
ID:1708;4
ID:1709;1
ID:1710;9
ID:1711;2
ID:1712;3
ID:1713;5
ID:1714;2
ID:1715;4
ID:1716;2
ID:1717;3
ID:1718;5
ID:1719;9
ID:1720;2
ID:1721;4
ID:1722;6
ID:1723;4
ID:1724;1
ID:1725;10
ID:1726;4
ID:1727;7
ID:1728;5
ID:1729;5
ID:1730;9
ID:1731;10
ID:1732;3
ID:1733;1
ID:1734;7
ID:1735;2
ID:1736;5
ID:1737;9
ID:1738;10
ID:1739;8
ID:1740;5
ID:1741;10
ID:1742;10
ID:1743;9
ID:1744;2
ID:1745;5
ID:1746;3
ID:1747;10
ID:1748;3
ID:1749;2
ID:1750;6
ID:1751;2
ID:1752;6
ID:1753;3
ID:1754;1
ID:1755;10
ID:1756;4
ID:1757;9
ID:1758;9
ID:1759;6
ID:1760;7
ID:1761;8
ID:1762;4
ID:1763;10
ID:1764;2
ID:1765;9
ID:1766;9
ID:1767;3
ID:1768;9
ID:1769;1
ID:1770;10
ID:1771;4
ID:1772;4
ID:1773;8
ID:1774;4
ID:1775;2
ID:1776;5
ID:1777;8
ID:1778;3
ID:1779;6
ID:1780;8
ID:1781;4
ID:1782;4
ID:1783;3
ID:1784;10
ID:1785;8
ID:1786;5
ID:1787;1
ID:1788;10
ID:1789;7
ID:1790;9
ID:1791;6
ID:1792;1
ID:1793;5
ID:1794;1
ID:1795;8
ID:1796;6
ID:1797;1
ID:1798;7
ID:1799;3
ID:1800;6
ID:1801;10
ID:1802;2
ID:1803;3
ID:1804;2
ID:1805;3
ID:1806;8
ID:1807;8
ID:1808;9
ID:1809;9
ID:1810;5
ID:1811;7
ID:1812;7
ID:1813;3
ID:1814;9
ID:1815;4
ID:1816;4
ID:1817;2
ID:1818;10
ID:1819;5
ID:1820;5
ID:1821;9
ID:1822;4
ID:1823;2
ID:1824;3
ID:1825;5
ID:1826;3
ID:1827;10
ID:1828;8
ID:1829;7
ID:1830;6
ID:1831;5
ID:1832;1
ID:1833;10
ID:1834;10
ID:1835;8
ID:1836;3
ID:1837;2
ID:1838;2
ID:1839;7
ID:1840;10
ID:1841;7
ID:1842;3
ID:1843;1
ID:1844;3
ID:1845;2
ID:1846;9
ID:1847;8
ID:1848;6
ID:1849;7
ID:1850;4
ID:1851;5
ID:1852;1
ID:1853;3
ID:1854;9
ID:1855;8
ID:1856;7
ID:1857;1
ID:1858;1
ID:1859;8
ID:1860;10
ID:1861;9
ID:1862;1
ID:1863;2
ID:1864;3
ID:1865;1
ID:1866;6
ID:1867;8
ID:1868;3
ID:1869;1
ID:1870;1
ID:1871;2
ID:1872;10
ID:1873;4
ID:1874;5
ID:1875;9
ID:1876;6
ID:1877;3
ID:1878;10
ID:1879;1
ID:1880;6
ID:1881;5
ID:1882;4
ID:1883;1
ID:1884;3
ID:1885;1
ID:1886;5
ID:1887;9
ID:1888;1
ID:1889;3
ID:1890;2
ID:1891;3
ID:1892;2
ID:1893;5
ID:1894;8
ID:1895;1
ID:1896;7
ID:1897;1
ID:1898;8
ID:1899;2
ID:1900;7
ID:1901;2
ID:1902;6
ID:1903;6
ID:1904;7
ID:1905;3
ID:1906;6
ID:1907;8
ID:1908;8
ID:1909;1
ID:1910;2
ID:1911;4
ID:1912;1
ID:1913;10
ID:1914;2
ID:1915;5
ID:1916;6
ID:1917;10
ID:1918;9
ID:1919;2
ID:1920;7
ID:1921;8
ID:1922;7
ID:1923;1
ID:1924;9
ID:1925;9
ID:1926;1
ID:1927;6
ID:1928;6
ID:1929;4
ID:1930;2
ID:1931;6
ID:1932;5
ID:1933;8
ID:1934;5
ID:1935;5
ID:1936;10
ID:1937;9
ID:1938;5
ID:1939;1
ID:1940;6
ID:1941;7
ID:1942;1
ID:1943;1
ID:1944;1
ID:1945;9
ID:1946;2
ID:1947;2
ID:1948;4
ID:1949;3
ID:1950;6
ID:1951;8
ID:1952;2
ID:1953;7
ID:1954;5
ID:1955;10
ID:1956;5
ID:1957;5
ID:1958;7
ID:1959;8
ID:1960;2
ID:1961;10
ID:1962;2
ID:1963;4
ID:1964;9
ID:1965;7
ID:1966;10
ID:1967;3
ID:1968;6
ID:1969;7
ID:1970;5
ID:1971;8
ID:1972;6
ID:1973;9
ID:1974;7
ID:1975;10
ID:1976;7
ID:1977;6
ID:1978;1
ID:1979;1
ID:1980;8
ID:1981;9
ID:1982;3
ID:1983;4
ID:1984;9
ID:1985;5
ID:1986;4
ID:1987;9
ID:1988;4
ID:1989;6
ID:1990;10
ID:1991;6
ID:1992;2
ID:1993;8
ID:1994;10
ID:1995;7
ID:1996;6
ID:1997;8
ID:1998;2
ID:1999;4
ID:2000;10
ID:2001;9
ID:2002;7
ID:2003;7
ID:2004;8
ID:2005;9
ID:2006;3
ID:2007;4
ID:2008;1
ID:2009;6
ID:2010;3
ID:2011;9
ID:2012;4
ID:2013;7
ID:2014;10
ID:2015;3
ID:2016;8
ID:2017;9
ID:2018;6
ID:2019;5
ID:2020;4
ID:2021;1
ID:2022;10
ID:2023;1
ID:2024;8
ID:2025;9
ID:2026;6
ID:2027;8
ID:2028;9
ID:2029;1
ID:2030;5
ID:2031;10
ID:2032;5
ID:2033;7
ID:2034;2
ID:2035;10
ID:2036;3
ID:2037;7
ID:2038;6
ID:2039;1
ID:2040;3
ID:2041;10
ID:2042;9
ID:2043;9
ID:2044;3
ID:2045;1
ID:2046;2
ID:2047;5
ID:2048;8
ID:2049;7
ID:2050;9
ID:2051;8
ID:2052;3
ID:2053;8
ID:2054;1
ID:2055;9
ID:2056;9
ID:2057;7
ID:2058;10
ID:2059;10
ID:2060;3
ID:2061;5
ID:2062;5
ID:2063;1
ID:2064;1
ID:2065;4
ID:2066;5
ID:2067;8
ID:2068;6
ID:2069;1
ID:2070;10
ID:2071;2
ID:2072;4
ID:2073;5
ID:2074;2
ID:2075;4
ID:2076;3
ID:2077;2
ID:2078;8
ID:2079;7
ID:2080;8
ID:2081;1
ID:2082;1
ID:2083;3
ID:2084;2
ID:2085;8
ID:2086;8
ID:2087;7
ID:2088;7
ID:2089;3
ID:2090;1
ID:2091;7
ID:2092;7
ID:2093;7
ID:2094;9
ID:2095;9
ID:2096;5
ID:2097;9
ID:2098;8
ID:2099;10
ID:2100;7
ID:2101;5
ID:2102;10
ID:2103;7
ID:2104;7
ID:2105;8
ID:2106;4
ID:2107;8
ID:2108;6
ID:2109;7
ID:2110;6
ID:2111;7
ID:2112;9
ID:2113;3
ID:2114;2
ID:2115;2
ID:2116;4
ID:2117;3
ID:2118;9
ID:2119;4
ID:2120;7
ID:2121;9
ID:2122;2
ID:2123;3
ID:2124;10
ID:2125;4
ID:2126;5
ID:2127;8
ID:2128;7
ID:2129;4
ID:2130;10
ID:2131;5
ID:2132;5
ID:2133;9
ID:2134;1
ID:2135;3
ID:2136;2
ID:2137;4
ID:2138;6
ID:2139;5
ID:2140;4
ID:2141;10
ID:2142;1
ID:2143;10
ID:2144;8
ID:2145;4
ID:2146;8
ID:2147;4
ID:2148;5
ID:2149;7
ID:2150;5
ID:2151;2
ID:2152;10
ID:2153;4
ID:2154;4
ID:2155;9
ID:2156;4
ID:2157;8
ID:2158;8
ID:2159;4
ID:2160;3
ID:2161;7
ID:2162;2
ID:2163;3
ID:2164;7
ID:2165;1
ID:2166;3
ID:2167;1
ID:2168;3
ID:2169;10
ID:2170;1
ID:2171;1
ID:2172;7
ID:2173;5
ID:2174;1
ID:2175;7
ID:2176;8
ID:2177;2
ID:2178;5
ID:2179;6
ID:2180;6
ID:2181;1
ID:2182;3
ID:2183;10
ID:2184;10
ID:2185;8
ID:2186;6
ID:2187;1
ID:2188;6
ID:2189;3
ID:2190;9
ID:2191;5
ID:2192;7
ID:2193;3
ID:2194;2
ID:2195;7
ID:2196;9
ID:2197;9
ID:2198;3
ID:2199;7
ID:2200;2
ID:2201;8
ID:2202;1
ID:2203;5
ID:2204;7
ID:2205;4
ID:2206;6
ID:2207;5
ID:2208;4
ID:2209;7
ID:2210;1
ID:2211;3
ID:2212;3
ID:2213;2
ID:2214;8
ID:2215;3
ID:2216;4
ID:2217;2
ID:2218;3
ID:2219;10
ID:2220;6
ID:2221;2
ID:2222;5
ID:2223;1
ID:2224;1
ID:2225;6
ID:2226;5
ID:2227;5
ID:2228;4
ID:2229;5
ID:2230;8
ID:2231;9
ID:2232;9
ID:2233;9
ID:2234;5
ID:2235;9
ID:2236;10
ID:2237;9
ID:2238;4
ID:2239;6
ID:2240;3
ID:2241;1
ID:2242;8
ID:2243;9
ID:2244;2
ID:2245;7
ID:2246;3
ID:2247;6
ID:2248;6
ID:2249;10
ID:2250;3
ID:2251;8
ID:2252;7
ID:2253;4
ID:2254;1
ID:2255;1
ID:2256;3
ID:2257;1
ID:2258;4
ID:2259;1
ID:2260;10
ID:2261;1
ID:2262;2
ID:2263;10
ID:2264;10
ID:2265;3
ID:2266;4
ID:2267;4
ID:2268;8
ID:2269;10
ID:2270;3
ID:2271;6
ID:2272;8
ID:2273;7
ID:2274;8
ID:2275;6
ID:2276;5
ID:2277;7
ID:2278;10
ID:2279;5
ID:2280;4
ID:2281;10
ID:2282;9
ID:2283;4
ID:2284;2
ID:2285;1
ID:2286;3
ID:2287;6
ID:2288;8
ID:2289;5
ID:2290;6
ID:2291;10
ID:2292;5
ID:2293;3
ID:2294;7
ID:2295;2
ID:2296;9
ID:2297;8
ID:2298;10
ID:2299;10
ID:2300;3
ID:2301;9
ID:2302;8
ID:2303;7
ID:2304;7
ID:2305;7
ID:2306;10
ID:2307;10
ID:2308;6
ID:2309;6
ID:2310;6
ID:2311;7
ID:2312;1
ID:2313;10
ID:2314;7
ID:2315;10
ID:2316;3
ID:2317;9
ID:2318;8
ID:2319;9
ID:2320;1
ID:2321;9
ID:2322;7
ID:2323;3
ID:2324;4
ID:2325;3
ID:2326;2
ID:2327;6
ID:2328;1
ID:2329;6
ID:2330;8
ID:2331;7
ID:2332;8
ID:2333;1
ID:2334;2
ID:2335;6
ID:2336;2
ID:2337;3
ID:2338;7
ID:2339;6
ID:2340;1
ID:2341;3
ID:2342;10
ID:2343;3
ID:2344;9
ID:2345;10
ID:2346;9
ID:2347;5
ID:2348;6
ID:2349;7
ID:2350;10
ID:2351;1
ID:2352;1
ID:2353;1
ID:2354;10
ID:2355;4
ID:2356;2
ID:2357;6
ID:2358;3
ID:2359;5
ID:2360;6
ID:2361;5
ID:2362;10
ID:2363;1
ID:2364;8
ID:2365;10
ID:2366;9
ID:2367;1
ID:2368;8
ID:2369;2
ID:2370;9
ID:2371;10
ID:2372;2
ID:2373;3
ID:2374;9
ID:2375;8
ID:2376;10
ID:2377;5
ID:2378;5
ID:2379;5
ID:2380;4
ID:2381;7
ID:2382;10
ID:2383;4
ID:2384;7
ID:2385;8
ID:2386;7
ID:2387;7
ID:2388;2
ID:2389;8
ID:2390;4
ID:2391;7
ID:2392;1
ID:2393;3
ID:2394;10
ID:2395;7
ID:2396;4
ID:2397;10
ID:2398;5
ID:2399;9
ID:2400;1
ID:2401;9
ID:2402;7
ID:2403;5
ID:2404;8
ID:2405;10
ID:2406;9
ID:2407;8
ID:2408;3
ID:2409;2
ID:2410;5
ID:2411;8
ID:2412;1
ID:2413;9
ID:2414;1
ID:2415;9
ID:2416;5
ID:2417;6
ID:2418;4
ID:2419;1
ID:2420;4
ID:2421;3
ID:2422;9
ID:2423;1
ID:2424;8
ID:2425;3
ID:2426;10
ID:2427;9
ID:2428;4
ID:2429;2
ID:2430;5
ID:2431;1
ID:2432;10
ID:2433;7
ID:2434;4
ID:2435;6
ID:2436;10
ID:2437;6
ID:2438;6
ID:2439;7
ID:2440;9
ID:2441;9
ID:2442;5
ID:2443;10
ID:2444;4
ID:2445;7
ID:2446;7
ID:2447;2
ID:2448;3
ID:2449;1
ID:2450;3
ID:2451;8
ID:2452;6
ID:2453;5
ID:2454;6
ID:2455;9
ID:2456;10
ID:2457;7
ID:2458;7
ID:2459;6
ID:2460;1
ID:2461;10
ID:2462;5
ID:2463;2
ID:2464;7
ID:2465;5
ID:2466;9
ID:2467;5
ID:2468;5
ID:2469;5
ID:2470;10
ID:2471;9
ID:2472;1
ID:2473;8
ID:2474;2
ID:2475;5
ID:2476;8
ID:2477;10
ID:2478;8
ID:2479;2
ID:2480;7
ID:2481;8
ID:2482;7
ID:2483;3
ID:2484;9
ID:2485;8
ID:2486;5
ID:2487;6
ID:2488;1
ID:2489;6
ID:2490;6
ID:2491;4
ID:2492;9
ID:2493;1
ID:2494;7
ID:2495;9
ID:2496;5
ID:2497;4
ID:2498;3
ID:2499;9
ID:2500;8
ID:2501;2
ID:2502;7
ID:2503;8
ID:2504;2
ID:2505;4
ID:2506;8
ID:2507;9
ID:2508;3
ID:2509;2
ID:2510;1
ID:2511;1
ID:2512;10
ID:2513;6
ID:2514;10
ID:2515;3
ID:2516;4
ID:2517;2
ID:2518;3
ID:2519;10
ID:2520;10
ID:2521;3
ID:2522;4
ID:2523;10
ID:2524;9
ID:2525;7
ID:2526;1
ID:2527;1
ID:2528;1
ID:2529;3
ID:2530;1
ID:2531;5
ID:2532;7
ID:2533;9
ID:2534;4
ID:2535;5
ID:2536;2
ID:2537;9
ID:2538;2
ID:2539;5
ID:2540;1
ID:2541;7
ID:2542;4
ID:2543;10
ID:2544;5
ID:2545;6
ID:2546;4
ID:2547;4
ID:2548;1
ID:2549;4
ID:2550;6
ID:2551;3
ID:2552;1
ID:2553;4
ID:2554;9
ID:2555;6
ID:2556;9
ID:2557;8
ID:2558;9
ID:2559;6
ID:2560;4
ID:2561;7
ID:2562;8
ID:2563;10
ID:2564;2
ID:2565;7
ID:2566;5
ID:2567;1
ID:2568;2
ID:2569;5
ID:2570;2
ID:2571;6
ID:2572;1
ID:2573;8
ID:2574;10
ID:2575;4
ID:2576;10
ID:2577;5
ID:2578;6
ID:2579;4
ID:2580;3
ID:2581;7
ID:2582;10
ID:2583;8
ID:2584;8
ID:2585;8
ID:2586;5
ID:2587;3
ID:2588;10
ID:2589;9
ID:2590;7
ID:2591;4
ID:2592;10
ID:2593;6
ID:2594;2
ID:2595;4
ID:2596;9
ID:2597;4
ID:2598;9
ID:2599;9
ID:2600;1
ID:2601;3
ID:2602;2
ID:2603;7
ID:2604;3
ID:2605;1
ID:2606;2
ID:2607;3
ID:2608;4
ID:2609;6
ID:2610;6
ID:2611;4
ID:2612;2
ID:2613;6
ID:2614;3
ID:2615;7
ID:2616;8
ID:2617;1
ID:2618;3
ID:2619;4
ID:2620;2
ID:2621;2
ID:2622;2
ID:2623;4
ID:2624;9
ID:2625;8
ID:2626;6
ID:2627;6
ID:2628;7
ID:2629;7
ID:2630;6
ID:2631;7
ID:2632;7
ID:2633;8
ID:2634;3
ID:2635;10
ID:2636;6
ID:2637;4
ID:2638;6
ID:2639;8
ID:2640;6
ID:2641;2
ID:2642;10
ID:2643;5
ID:2644;3
ID:2645;3
ID:2646;3
ID:2647;5
ID:2648;4
ID:2649;5
ID:2650;6
ID:2651;9
ID:2652;1
ID:2653;5
ID:2654;7
ID:2655;10
ID:2656;2
ID:2657;9
ID:2658;8
ID:2659;5
ID:2660;5
ID:2661;7
ID:2662;7
ID:2663;8
ID:2664;10
ID:2665;10
ID:2666;8
ID:2667;5
ID:2668;3
ID:2669;3
ID:2670;2
ID:2671;5
ID:2672;6
ID:2673;6
ID:2674;8
ID:2675;1
ID:2676;3
ID:2677;7
ID:2678;1
ID:2679;6
ID:2680;6
ID:2681;1
ID:2682;2
ID:2683;2
ID:2684;1
ID:2685;7
ID:2686;6
ID:2687;2
ID:2688;1
ID:2689;4
ID:2690;9
ID:2691;7
ID:2692;6
ID:2693;1
ID:2694;3
ID:2695;10
ID:2696;5
ID:2697;2
ID:2698;5
ID:2699;4
ID:2700;6
ID:2701;8
ID:2702;3
ID:2703;1
ID:2704;4
ID:2705;2
ID:2706;4
ID:2707;6
ID:2708;7
ID:2709;7
ID:2710;8
ID:2711;6
ID:2712;8
ID:2713;3
ID:2714;9
ID:2715;5
ID:2716;5
ID:2717;6
ID:2718;7
ID:2719;4
ID:2720;4
ID:2721;7
ID:2722;4
ID:2723;9
ID:2724;5
ID:2725;5
ID:2726;10
ID:2727;5
ID:2728;3
ID:2729;9
ID:2730;6
ID:2731;1
ID:2732;2
ID:2733;8
ID:2734;1
ID:2735;9
ID:2736;9
ID:2737;2
ID:2738;9
ID:2739;10
ID:2740;4
ID:2741;1
ID:2742;5
ID:2743;5
ID:2744;6
ID:2745;3
ID:2746;10
ID:2747;4
ID:2748;3
ID:2749;9
ID:2750;5
ID:2751;10
ID:2752;5
ID:2753;2
ID:2754;10
ID:2755;10
ID:2756;4
ID:2757;4
ID:2758;6
ID:2759;9
ID:2760;3
ID:2761;9
ID:2762;3
ID:2763;9
ID:2764;1
ID:2765;8
ID:2766;4
ID:2767;10
ID:2768;3
ID:2769;1
ID:2770;6
ID:2771;4
ID:2772;7
ID:2773;8
ID:2774;10
ID:2775;4
ID:2776;2
ID:2777;10
ID:2778;3
ID:2779;2
ID:2780;6
ID:2781;6
ID:2782;3
ID:2783;5
ID:2784;5
ID:2785;6
ID:2786;6
ID:2787;10
ID:2788;9
ID:2789;1
ID:2790;5
ID:2791;5
ID:2792;6
ID:2793;10
ID:2794;8
ID:2795;6
ID:2796;8
ID:2797;7
ID:2798;4
ID:2799;9
ID:2800;10
ID:2801;10
ID:2802;1
ID:2803;2
ID:2804;3
ID:2805;2
ID:2806;3
ID:2807;8
ID:2808;3
ID:2809;6
ID:2810;8
ID:2811;5
ID:2812;1
ID:2813;5
ID:2814;3
ID:2815;7
ID:2816;7
ID:2817;9
ID:2818;5
ID:2819;5
ID:2820;2
ID:2821;5
ID:2822;2
ID:2823;2
ID:2824;7
ID:2825;2
ID:2826;8
ID:2827;7
ID:2828;1
ID:2829;5
ID:2830;6
ID:2831;6
ID:2832;6
ID:2833;5
ID:2834;3
ID:2835;7
ID:2836;5
ID:2837;1
ID:2838;3
ID:2839;4
ID:2840;3
ID:2841;9
ID:2842;8
ID:2843;3
ID:2844;4
ID:2845;1
ID:2846;4
ID:2847;2
ID:2848;8
ID:2849;2
ID:2850;9
ID:2851;10
ID:2852;3
ID:2853;10
ID:2854;8
ID:2855;5
ID:2856;8
ID:2857;10
ID:2858;6
ID:2859;1
ID:2860;4
ID:2861;6
ID:2862;8
ID:2863;9
ID:2864;1
ID:2865;2
ID:2866;9
ID:2867;7
ID:2868;2
ID:2869;6
ID:2870;2
ID:2871;7
ID:2872;6
ID:2873;1
ID:2874;2
ID:2875;4
ID:2876;7
ID:2877;9
ID:2878;8
ID:2879;6
ID:2880;8
ID:2881;7
ID:2882;10
ID:2883;9
ID:2884;6
ID:2885;6
ID:2886;4
ID:2887;7
ID:2888;7
ID:2889;8
ID:2890;9
ID:2891;6
ID:2892;5
ID:2893;2
ID:2894;10
ID:2895;8
ID:2896;2
ID:2897;9
ID:2898;3
ID:2899;2
ID:2900;2
ID:2901;8
ID:2902;1
ID:2903;2
ID:2904;1
ID:2905;3
ID:2906;4
ID:2907;2
ID:2908;8
ID:2909;5
ID:2910;9
ID:2911;10
ID:2912;2
ID:2913;10
ID:2914;3
ID:2915;8
ID:2916;7
ID:2917;9
ID:2918;3
ID:2919;5
ID:2920;9
ID:2921;3
ID:2922;10
ID:2923;4
ID:2924;8
ID:2925;6
ID:2926;2
ID:2927;5
ID:2928;1
ID:2929;5
ID:2930;3
ID:2931;8
ID:2932;7
ID:2933;7
ID:2934;4
ID:2935;1
ID:2936;6
ID:2937;8
ID:2938;9
ID:2939;4
ID:2940;2
ID:2941;3
ID:2942;10
ID:2943;3
ID:2944;10
ID:2945;10
ID:2946;4
ID:2947;6
ID:2948;9
ID:2949;3
ID:2950;1
ID:2951;3
ID:2952;7
ID:2953;8
ID:2954;4
ID:2955;10
ID:2956;8
ID:2957;7
ID:2958;5
ID:2959;5
ID:2960;1
ID:2961;10
ID:2962;1
ID:2963;3
ID:2964;2
ID:2965;1
ID:2966;3
ID:2967;6
ID:2968;7
ID:2969;3
ID:2970;2
ID:2971;9
ID:2972;10
ID:2973;9
ID:2974;4
ID:2975;7
ID:2976;3
ID:2977;7
ID:2978;5
ID:2979;8
ID:2980;3
ID:2981;7
ID:2982;7
ID:2983;9
ID:2984;5
ID:2985;10
ID:2986;2
ID:2987;10
ID:2988;4
ID:2989;4
ID:2990;4
ID:2991;10
ID:2992;4
ID:2993;5
ID:2994;3
ID:2995;3
ID:2996;2
ID:2997;7
ID:2998;1
ID:2999;10
ID:3000;8
ID:3001;8
ID:3002;9
ID:3003;6
ID:3004;2
ID:3005;2
ID:3006;3
ID:3007;8
ID:3008;4
ID:3009;7
ID:3010;7
ID:3011;1
ID:3012;2
ID:3013;8
ID:3014;2
ID:3015;5
ID:3016;3
ID:3017;3
ID:3018;9
ID:3019;3
ID:3020;9
ID:3021;3
ID:3022;3
ID:3023;3
ID:3024;10
ID:3025;2
ID:3026;6
ID:3027;5
ID:3028;6
ID:3029;2
ID:3030;5
ID:3031;7
ID:3032;7
ID:3033;6
ID:3034;10
ID:3035;5
ID:3036;8
ID:3037;1
ID:3038;8
ID:3039;3
ID:3040;7
ID:3041;4
ID:3042;7
ID:3043;7
ID:3044;7
ID:3045;3
ID:3046;9
ID:3047;7
ID:3048;4
ID:3049;9
ID:3050;10
ID:3051;10
ID:3052;9
ID:3053;9
ID:3054;1
ID:3055;5
ID:3056;6
ID:3057;7
ID:3058;7
ID:3059;10
ID:3060;7
ID:3061;8
ID:3062;2
ID:3063;3
ID:3064;2
ID:3065;1
ID:3066;5
ID:3067;7
ID:3068;8
ID:3069;7
ID:3070;8
ID:3071;3
ID:3072;6
ID:3073;6
ID:3074;6
ID:3075;6
ID:3076;7
ID:3077;6
ID:3078;6
ID:3079;7
ID:3080;4
ID:3081;10
ID:3082;2
ID:3083;8
ID:3084;3
ID:3085;6
ID:3086;8
ID:3087;8
ID:3088;6
ID:3089;5
ID:3090;9
ID:3091;1
ID:3092;4
ID:3093;8
ID:3094;7
ID:3095;10
ID:3096;2
ID:3097;4
ID:3098;5
ID:3099;7
ID:3100;9
ID:3101;2
ID:3102;10
ID:3103;7
ID:3104;1
ID:3105;7
ID:3106;5
ID:3107;4
ID:3108;4
ID:3109;5
ID:3110;9
ID:3111;10
ID:3112;2
ID:3113;1
ID:3114;7
ID:3115;7
ID:3116;7
ID:3117;5
ID:3118;1
ID:3119;7
ID:3120;4
ID:3121;7
ID:3122;2
ID:3123;3
ID:3124;9
ID:3125;7
ID:3126;10
ID:3127;8
ID:3128;10
ID:3129;7
ID:3130;4
ID:3131;3
ID:3132;1
ID:3133;10
ID:3134;9
ID:3135;2
ID:3136;1
ID:3137;6
ID:3138;7
ID:3139;6
ID:3140;2
ID:3141;5
ID:3142;5
ID:3143;1
ID:3144;7
ID:3145;10
ID:3146;10
ID:3147;4
ID:3148;2
ID:3149;10
ID:3150;4
ID:3151;8
ID:3152;4
ID:3153;9
ID:3154;3
ID:3155;2
ID:3156;1
ID:3157;7
ID:3158;9
ID:3159;4
ID:3160;8
ID:3161;7
ID:3162;5
ID:3163;8
ID:3164;2
ID:3165;7
ID:3166;10
ID:3167;3
ID:3168;2
ID:3169;5
ID:3170;7
ID:3171;1
ID:3172;8
ID:3173;5
ID:3174;5
ID:3175;10
ID:3176;3
ID:3177;2
ID:3178;6
ID:3179;10
ID:3180;8
ID:3181;6
ID:3182;7
ID:3183;10
ID:3184;4
ID:3185;7
ID:3186;9
ID:3187;3
ID:3188;7
ID:3189;8
ID:3190;2
ID:3191;4
ID:3192;8
ID:3193;3
ID:3194;8
ID:3195;6
ID:3196;1
ID:3197;8
ID:3198;9
ID:3199;10
ID:3200;10
ID:3201;8
ID:3202;2
ID:3203;7
ID:3204;3
ID:3205;3
ID:3206;10
ID:3207;9
ID:3208;5
ID:3209;4
ID:3210;9
ID:3211;10
ID:3212;1
ID:3213;10
ID:3214;6
ID:3215;2
ID:3216;10
ID:3217;5
ID:3218;4
ID:3219;6
ID:3220;8
ID:3221;7
ID:3222;6
ID:3223;5
ID:3224;3
ID:3225;4
ID:3226;4
ID:3227;5
ID:3228;7
ID:3229;10
ID:3230;10
ID:3231;6
ID:3232;3
ID:3233;6
ID:3234;10
ID:3235;1
ID:3236;4
ID:3237;1
ID:3238;7
ID:3239;1
ID:3240;7
ID:3241;10
ID:3242;9
ID:3243;3
ID:3244;10
ID:3245;3
ID:3246;3
ID:3247;9
ID:3248;7
ID:3249;6
ID:3250;6
ID:3251;6
ID:3252;4
ID:3253;4
ID:3254;3
ID:3255;4
ID:3256;2
ID:3257;8
ID:3258;4
ID:3259;10
ID:3260;10
ID:3261;5
ID:3262;3
ID:3263;5
ID:3264;5
ID:3265;3
ID:3266;7
ID:3267;6
ID:3268;1
ID:3269;6
ID:3270;9
ID:3271;10
ID:3272;9
ID:3273;4
ID:3274;9
ID:3275;9
ID:3276;9
ID:3277;3
ID:3278;6
ID:3279;1
ID:3280;1
ID:3281;5
ID:3282;8
ID:3283;1
ID:3284;4
ID:3285;4
ID:3286;3
ID:3287;10
ID:3288;4
ID:3289;6
ID:3290;10
ID:3291;7
ID:3292;7
ID:3293;7
ID:3294;2
ID:3295;2
ID:3296;8
ID:3297;4
ID:3298;9
ID:3299;7
ID:3300;6
ID:3301;8
ID:3302;8
ID:3303;2
ID:3304;8
ID:3305;7
ID:3306;8
ID:3307;1
ID:3308;5
ID:3309;5
ID:3310;5
ID:3311;9
ID:3312;3
ID:3313;4
ID:3314;10
ID:3315;5
ID:3316;7
ID:3317;2
ID:3318;2
ID:3319;1
ID:3320;1
ID:3321;8
ID:3322;2
ID:3323;5
ID:3324;6
ID:3325;2
ID:3326;4
ID:3327;2
ID:3328;3
ID:3329;7
ID:3330;1
ID:3331;6
ID:3332;5
ID:3333;9
ID:3334;6
ID:3335;4
ID:3336;7
ID:3337;7
ID:3338;4
ID:3339;8
ID:3340;7
ID:3341;3
ID:3342;5
ID:3343;10
ID:3344;2
ID:3345;2
ID:3346;5
ID:3347;4
ID:3348;8
ID:3349;7
ID:3350;6
ID:3351;7
ID:3352;3
ID:3353;8
ID:3354;6
ID:3355;8
ID:3356;7
ID:3357;4
ID:3358;7
ID:3359;7
ID:3360;4
ID:3361;6
ID:3362;9
ID:3363;9
ID:3364;4
ID:3365;10
ID:3366;5
ID:3367;4
ID:3368;8
ID:3369;6
ID:3370;8
ID:3371;1
ID:3372;8
ID:3373;4
ID:3374;4
ID:3375;9
ID:3376;4
ID:3377;2
ID:3378;3
ID:3379;5
ID:3380;8
ID:3381;10
ID:3382;4
ID:3383;6
ID:3384;2
ID:3385;5
ID:3386;3
ID:3387;7
ID:3388;3
ID:3389;9
ID:3390;8
ID:3391;4
ID:3392;1
ID:3393;8
ID:3394;4
ID:3395;1
ID:3396;4
ID:3397;7
ID:3398;7
ID:3399;3
ID:3400;8
ID:3401;1
ID:3402;6
ID:3403;2
ID:3404;9
ID:3405;5
ID:3406;9
ID:3407;9
ID:3408;4
ID:3409;8
ID:3410;5
ID:3411;5
ID:3412;2
ID:3413;2
ID:3414;9
ID:3415;4
ID:3416;3
ID:3417;3
ID:3418;7
ID:3419;10
ID:3420;7
ID:3421;8
ID:3422;1
ID:3423;10
ID:3424;9
ID:3425;5
ID:3426;1
ID:3427;1
ID:3428;1
ID:3429;3
ID:3430;5
ID:3431;8
ID:3432;6
ID:3433;1
ID:3434;8
ID:3435;7
ID:3436;5
ID:3437;2
ID:3438;7
ID:3439;7
ID:3440;6
ID:3441;4
ID:3442;3
ID:3443;6
ID:3444;5
ID:3445;3
ID:3446;3
ID:3447;9
ID:3448;9
ID:3449;1
ID:3450;9
ID:3451;2
ID:3452;10
ID:3453;7
ID:3454;6
ID:3455;10
ID:3456;1
ID:3457;6
ID:3458;4
ID:3459;5
ID:3460;4
ID:3461;8
ID:3462;9
ID:3463;1
ID:3464;4
ID:3465;7
ID:3466;9
ID:3467;1
ID:3468;4
ID:3469;3
ID:3470;9
ID:3471;1
ID:3472;6
ID:3473;10
ID:3474;4
ID:3475;3
ID:3476;5
ID:3477;6
ID:3478;6
ID:3479;6
ID:3480;3
ID:3481;3
ID:3482;3
ID:3483;10
ID:3484;5
ID:3485;4
ID:3486;8
ID:3487;9
ID:3488;6
ID:3489;8
ID:3490;6
ID:3491;9
ID:3492;9
ID:3493;3
ID:3494;4
ID:3495;9
ID:3496;6
ID:3497;3
ID:3498;2
ID:3499;8
ID:3500;4
ID:3501;2
ID:3502;5
ID:3503;7
ID:3504;2
ID:3505;9
ID:3506;6
ID:3507;10
ID:3508;3
ID:3509;3
ID:3510;6
ID:3511;6
ID:3512;1
ID:3513;8
ID:3514;2
ID:3515;2
ID:3516;5
ID:3517;9
ID:3518;7
ID:3519;1
ID:3520;10
ID:3521;1
ID:3522;5
ID:3523;6
ID:3524;7
ID:3525;1
ID:3526;2
ID:3527;4
ID:3528;7
ID:3529;6
ID:3530;8
ID:3531;3
ID:3532;4
ID:3533;9
ID:3534;3
ID:3535;1
ID:3536;8
ID:3537;7
ID:3538;9
ID:3539;6
ID:3540;8
ID:3541;8
ID:3542;6
ID:3543;4
ID:3544;3
ID:3545;1
ID:3546;9
ID:3547;2
ID:3548;2
ID:3549;2
ID:3550;4
ID:3551;8
ID:3552;6
ID:3553;2
ID:3554;8
ID:3555;4
ID:3556;8
ID:3557;9
ID:3558;1
ID:3559;1
ID:3560;7
ID:3561;3
ID:3562;4
ID:3563;8
ID:3564;5
ID:3565;3
ID:3566;3
ID:3567;2
ID:3568;6
ID:3569;1
ID:3570;5
ID:3571;9
ID:3572;1
ID:3573;1
ID:3574;3
ID:3575;2
ID:3576;5
ID:3577;2
ID:3578;4
ID:3579;6
ID:3580;3
ID:3581;1
ID:3582;3
ID:3583;6
ID:3584;3
ID:3585;1
ID:3586;8
ID:3587;2
ID:3588;1
ID:3589;9
ID:3590;4
ID:3591;9
ID:3592;7
ID:3593;8
ID:3594;10
ID:3595;6
ID:3596;5
ID:3597;9
ID:3598;9
ID:3599;1
ID:3600;8
ID:3601;7
ID:3602;7
ID:3603;1
ID:3604;7
ID:3605;5
ID:3606;8
ID:3607;5
ID:3608;10
ID:3609;7
ID:3610;10
ID:3611;7
ID:3612;6
ID:3613;5
ID:3614;9
ID:3615;6
ID:3616;1
ID:3617;8
ID:3618;5
ID:3619;5
ID:3620;6
ID:3621;2
ID:3622;2
ID:3623;7
ID:3624;8
ID:3625;7
ID:3626;3
ID:3627;3
ID:3628;2
ID:3629;7
ID:3630;8
ID:3631;6
ID:3632;3
ID:3633;4
ID:3634;8
ID:3635;7
ID:3636;5
ID:3637;2
ID:3638;10
ID:3639;8
ID:3640;3
ID:3641;3
ID:3642;2
ID:3643;4
ID:3644;10
ID:3645;8
ID:3646;3
ID:3647;2
ID:3648;10
ID:3649;4
ID:3650;6
ID:3651;7
ID:3652;4
ID:3653;5
ID:3654;5
ID:3655;7
ID:3656;5
ID:3657;10
ID:3658;3
ID:3659;1
ID:3660;3
ID:3661;5
ID:3662;3
ID:3663;3
ID:3664;10
ID:3665;4
ID:3666;4
ID:3667;3
ID:3668;7
ID:3669;2
ID:3670;2
ID:3671;9
ID:3672;9
ID:3673;8
ID:3674;2
ID:3675;3
ID:3676;10
ID:3677;8
ID:3678;7
ID:3679;10
ID:3680;5
ID:3681;1
ID:3682;4
ID:3683;9
ID:3684;2
ID:3685;1
ID:3686;3
ID:3687;9
ID:3688;9
ID:3689;2
ID:3690;3
ID:3691;5
ID:3692;9
ID:3693;9
ID:3694;6
ID:3695;9
ID:3696;10
ID:3697;10
ID:3698;5
ID:3699;7
ID:3700;4
ID:3701;10
ID:3702;6
ID:3703;8
ID:3704;2
ID:3705;8
ID:3706;9
ID:3707;7
ID:3708;3
ID:3709;2
ID:3710;8
ID:3711;7
ID:3712;4
ID:3713;4
ID:3714;7
ID:3715;2
ID:3716;2
ID:3717;5
ID:3718;2
ID:3719;10
ID:3720;2
ID:3721;6
ID:3722;5
ID:3723;6
ID:3724;10
ID:3725;7
ID:3726;10
ID:3727;10
ID:3728;2
ID:3729;4
ID:3730;4
ID:3731;1
ID:3732;3
ID:3733;1
ID:3734;7
ID:3735;5
ID:3736;6
ID:3737;6
ID:3738;7
ID:3739;5
ID:3740;2
ID:3741;6
ID:3742;6
ID:3743;8
ID:3744;4
ID:3745;6
ID:3746;2
ID:3747;6
ID:3748;3
ID:3749;4
ID:3750;8
ID:3751;6
ID:3752;9
ID:3753;6
ID:3754;5
ID:3755;8
ID:3756;6
ID:3757;10
ID:3758;8
ID:3759;6
ID:3760;8
ID:3761;9
ID:3762;6
ID:3763;10
ID:3764;9
ID:3765;8
ID:3766;4
ID:3767;3
ID:3768;8
ID:3769;2
ID:3770;7
ID:3771;6
ID:3772;8
ID:3773;7
ID:3774;8
ID:3775;7
ID:3776;1
ID:3777;8
ID:3778;2
ID:3779;5
ID:3780;6
ID:3781;4
ID:3782;7
ID:3783;8
ID:3784;7
ID:3785;8
ID:3786;2
ID:3787;8
ID:3788;6
ID:3789;9
ID:3790;10
ID:3791;6
ID:3792;9
ID:3793;2
ID:3794;7
ID:3795;4
ID:3796;1
ID:3797;7
ID:3798;9
ID:3799;7
ID:3800;2
ID:3801;10
ID:3802;9
ID:3803;2
ID:3804;8
ID:3805;2
ID:3806;9
ID:3807;2
ID:3808;9
ID:3809;9
ID:3810;8
ID:3811;9
ID:3812;9
ID:3813;4
ID:3814;10
ID:3815;5
ID:3816;2
ID:3817;8
ID:3818;3
ID:3819;2
ID:3820;6
ID:3821;7
ID:3822;7
ID:3823;9
ID:3824;3
ID:3825;2
ID:3826;8
ID:3827;6
ID:3828;1
ID:3829;4
ID:3830;6
ID:3831;4
ID:3832;9
ID:3833;6
ID:3834;4
ID:3835;7
ID:3836;5
ID:3837;6
ID:3838;1
ID:3839;5
ID:3840;9
ID:3841;1
ID:3842;10
ID:3843;7
ID:3844;1
ID:3845;2
ID:3846;8
ID:3847;6
ID:3848;2
ID:3849;3
ID:3850;2
ID:3851;3
ID:3852;4
ID:3853;8
ID:3854;1
ID:3855;5
ID:3856;3
ID:3857;10
ID:3858;10
ID:3859;7
ID:3860;5
ID:3861;3
ID:3862;2
ID:3863;5
ID:3864;3
ID:3865;5
ID:3866;10
ID:3867;3
ID:3868;10
ID:3869;4
ID:3870;10
ID:3871;7
ID:3872;8
ID:3873;8
ID:3874;3
ID:3875;6
ID:3876;7
ID:3877;10
ID:3878;8
ID:3879;1
ID:3880;5
ID:3881;3
ID:3882;4
ID:3883;8
ID:3884;3
ID:3885;4
ID:3886;10
ID:3887;1
ID:3888;5
ID:3889;9
ID:3890;4
ID:3891;5
ID:3892;7
ID:3893;5
ID:3894;1
ID:3895;7
ID:3896;9
ID:3897;6
ID:3898;5
ID:3899;7
ID:3900;2
ID:3901;5
ID:3902;6
ID:3903;9
ID:3904;3
ID:3905;6
ID:3906;5
ID:3907;7
ID:3908;6
ID:3909;6
ID:3910;8
ID:3911;3
ID:3912;2
ID:3913;9
ID:3914;2
ID:3915;3
ID:3916;9
ID:3917;4
ID:3918;3
ID:3919;10
ID:3920;5
ID:3921;9
ID:3922;9
ID:3923;2
ID:3924;1
ID:3925;5
ID:3926;1
ID:3927;4
ID:3928;8
ID:3929;6
ID:3930;7
ID:3931;2
ID:3932;6
ID:3933;2
ID:3934;9
ID:3935;1
ID:3936;7
ID:3937;6
ID:3938;6
ID:3939;7
ID:3940;9
ID:3941;4
ID:3942;6
ID:3943;9
ID:3944;1
ID:3945;1
ID:3946;3
ID:3947;8
ID:3948;3
ID:3949;9
ID:3950;8
ID:3951;5
ID:3952;3
ID:3953;6
ID:3954;3
ID:3955;4
ID:3956;6
ID:3957;5
ID:3958;8
ID:3959;8
ID:3960;6
ID:3961;2
ID:3962;9
ID:3963;10
ID:3964;9
ID:3965;6
ID:3966;8
ID:3967;1
ID:3968;10
ID:3969;2
ID:3970;6
ID:3971;3
ID:3972;9
ID:3973;6
ID:3974;1
ID:3975;2
ID:3976;3
ID:3977;10
ID:3978;1
ID:3979;10
ID:3980;2
ID:3981;3
ID:3982;1
ID:3983;10
ID:3984;8
ID:3985;2
ID:3986;10
ID:3987;1
ID:3988;10
ID:3989;6
ID:3990;5
ID:3991;3
ID:3992;9
ID:3993;8
ID:3994;2
ID:3995;8
ID:3996;5
ID:3997;7
ID:3998;1
ID:3999;5
ID:4000;4
ID:4001;3
ID:4002;8
ID:4003;1
ID:4004;3
ID:4005;6
ID:4006;7
ID:4007;8
ID:4008;5
ID:4009;2
ID:4010;1
ID:4011;7
ID:4012;4
ID:4013;9
ID:4014;7
ID:4015;3
ID:4016;1
ID:4017;10
ID:4018;2
ID:4019;7
ID:4020;7
ID:4021;7
ID:4022;2
ID:4023;5
ID:4024;8
ID:4025;4
ID:4026;5
ID:4027;1
ID:4028;4
ID:4029;4
ID:4030;7
ID:4031;7
ID:4032;10
ID:4033;6
ID:4034;6
ID:4035;10
ID:4036;6
ID:4037;1
ID:4038;8
ID:4039;3
ID:4040;6
ID:4041;2
ID:4042;6
ID:4043;9
ID:4044;6
ID:4045;9
ID:4046;9
ID:4047;10
ID:4048;2
ID:4049;9
ID:4050;7
ID:4051;6
ID:4052;5
ID:4053;4
ID:4054;8
ID:4055;8
ID:4056;1
ID:4057;4
ID:4058;4
ID:4059;9
ID:4060;1
ID:4061;7
ID:4062;4
ID:4063;2
ID:4064;5
ID:4065;4
ID:4066;8
ID:4067;9
ID:4068;3
ID:4069;7
ID:4070;8
ID:4071;1
ID:4072;2
ID:4073;10
ID:4074;2
ID:4075;6
ID:4076;1
ID:4077;4
ID:4078;9
ID:4079;10
ID:4080;6
ID:4081;6
ID:4082;10
ID:4083;6
ID:4084;7
ID:4085;1
ID:4086;3
ID:4087;6
ID:4088;8
ID:4089;9
ID:4090;9
ID:4091;2
ID:4092;7
ID:4093;10
ID:4094;2
ID:4095;9
ID:4096;8
ID:4097;5
ID:4098;4
ID:4099;3
ID:4100;1
ID:4101;10
ID:4102;7
ID:4103;6
ID:4104;2
ID:4105;6
ID:4106;5
ID:4107;6
ID:4108;2
ID:4109;3
ID:4110;7
ID:4111;8
ID:4112;5
ID:4113;4
ID:4114;3
ID:4115;6
ID:4116;8
ID:4117;9
ID:4118;5
ID:4119;5
ID:4120;1
ID:4121;2
ID:4122;1
ID:4123;5
ID:4124;8
ID:4125;6
ID:4126;5
ID:4127;3
ID:4128;8
ID:4129;3
ID:4130;8
ID:4131;7
ID:4132;10
ID:4133;7
ID:4134;9
ID:4135;7
ID:4136;9
ID:4137;4
ID:4138;4
ID:4139;2
ID:4140;6
ID:4141;8
ID:4142;4
ID:4143;6
ID:4144;3
ID:4145;1
ID:4146;7
ID:4147;4
ID:4148;7
ID:4149;7
ID:4150;2
ID:4151;10
ID:4152;10
ID:4153;9
ID:4154;2
ID:4155;10
ID:4156;10
ID:4157;3
ID:4158;8
ID:4159;6
ID:4160;2
ID:4161;2
ID:4162;8
ID:4163;9
ID:4164;5
ID:4165;10
ID:4166;8
ID:4167;9
ID:4168;6
ID:4169;7
ID:4170;8
ID:4171;4
ID:4172;5
ID:4173;4
ID:4174;9
ID:4175;4
ID:4176;8
ID:4177;5
ID:4178;3
ID:4179;7
ID:4180;10
ID:4181;1
ID:4182;6
ID:4183;2
ID:4184;2
ID:4185;8
ID:4186;8
ID:4187;2
ID:4188;6
ID:4189;10
ID:4190;7
ID:4191;7
ID:4192;7
ID:4193;9
ID:4194;1
ID:4195;5
ID:4196;1
ID:4197;5
ID:4198;1
ID:4199;3
ID:4200;4
ID:4201;9
ID:4202;9
ID:4203;1
ID:4204;9
ID:4205;9
ID:4206;6
ID:4207;7
ID:4208;10
ID:4209;8
ID:4210;2
ID:4211;5
ID:4212;10
ID:4213;1
ID:4214;7
ID:4215;1
ID:4216;6
ID:4217;7
ID:4218;8
ID:4219;8
ID:4220;3
ID:4221;7
ID:4222;3
ID:4223;6
ID:4224;10
ID:4225;1
ID:4226;7
ID:4227;6
ID:4228;3
ID:4229;5
ID:4230;4
ID:4231;3
ID:4232;5
ID:4233;1
ID:4234;4
ID:4235;1
ID:4236;3
ID:4237;6
ID:4238;3
ID:4239;4
ID:4240;3
ID:4241;1
ID:4242;2
ID:4243;8
ID:4244;8
ID:4245;2
ID:4246;7
ID:4247;6
ID:4248;3
ID:4249;1
ID:4250;9
ID:4251;4
ID:4252;8
ID:4253;4
ID:4254;10
ID:4255;7
ID:4256;7
ID:4257;3
ID:4258;1
ID:4259;8
ID:4260;2
ID:4261;10
ID:4262;4
ID:4263;5
ID:4264;5
ID:4265;9
ID:4266;1
ID:4267;10
ID:4268;8
ID:4269;6
ID:4270;8
ID:4271;1
ID:4272;4
ID:4273;5
ID:4274;5
ID:4275;2
ID:4276;5
ID:4277;5
ID:4278;9
ID:4279;9
ID:4280;5
ID:4281;2
ID:4282;4
ID:4283;3
ID:4284;7
ID:4285;10
ID:4286;6
ID:4287;1
ID:4288;1
ID:4289;7
ID:4290;5
ID:4291;1
ID:4292;6
ID:4293;5
ID:4294;2
ID:4295;4
ID:4296;7
ID:4297;8
ID:4298;4
ID:4299;9
ID:4300;1
ID:4301;7
ID:4302;9
ID:4303;7
ID:4304;3
ID:4305;9
ID:4306;1
ID:4307;4
ID:4308;10
ID:4309;8
ID:4310;3
ID:4311;2
ID:4312;5
ID:4313;3
ID:4314;4
ID:4315;1
ID:4316;6
ID:4317;2
ID:4318;9
ID:4319;6
ID:4320;4
ID:4321;1
ID:4322;9
ID:4323;1
ID:4324;2
ID:4325;8
ID:4326;6
ID:4327;10
ID:4328;3
ID:4329;2
ID:4330;5
ID:4331;8
ID:4332;2
ID:4333;10
ID:4334;8
ID:4335;8
ID:4336;3
ID:4337;8
ID:4338;10
ID:4339;9
ID:4340;10
ID:4341;3
ID:4342;2
ID:4343;4
ID:4344;5
ID:4345;4
ID:4346;7
ID:4347;3
ID:4348;1
ID:4349;2
ID:4350;8
ID:4351;6
ID:4352;9
ID:4353;9
ID:4354;6
ID:4355;1
ID:4356;9
ID:4357;9
ID:4358;5
ID:4359;6
ID:4360;4
ID:4361;2
ID:4362;1
ID:4363;9
ID:4364;3
ID:4365;5
ID:4366;10
ID:4367;5
ID:4368;5
ID:4369;6
ID:4370;8
ID:4371;9
ID:4372;3
ID:4373;1
ID:4374;7
ID:4375;1
ID:4376;9
ID:4377;6
ID:4378;6
ID:4379;9
ID:4380;1
ID:4381;3
ID:4382;9
ID:4383;1
ID:4384;4
ID:4385;10
ID:4386;9
ID:4387;4
ID:4388;4
ID:4389;8
ID:4390;10
ID:4391;4
ID:4392;3
ID:4393;4
ID:4394;5
ID:4395;9
ID:4396;2
ID:4397;4
ID:4398;1
ID:4399;1
ID:4400;4
ID:4401;2
ID:4402;9
ID:4403;6
ID:4404;4
ID:4405;10
ID:4406;4
ID:4407;9
ID:4408;2
ID:4409;5
ID:4410;2
ID:4411;3
ID:4412;4
ID:4413;7
ID:4414;6
ID:4415;1
ID:4416;3
ID:4417;10
ID:4418;5
ID:4419;4
ID:4420;6
ID:4421;6
ID:4422;2
ID:4423;8
ID:4424;7
ID:4425;4
ID:4426;7
ID:4427;9
ID:4428;6
ID:4429;8
ID:4430;10
ID:4431;6
ID:4432;6
ID:4433;6
ID:4434;5
ID:4435;9
ID:4436;5
ID:4437;3
ID:4438;7
ID:4439;5
ID:4440;7
ID:4441;1
ID:4442;2
ID:4443;9
ID:4444;6
ID:4445;8
ID:4446;1
ID:4447;7
ID:4448;9
ID:4449;5
ID:4450;6
ID:4451;3
ID:4452;9
ID:4453;8
ID:4454;5
ID:4455;8
ID:4456;1
ID:4457;1
ID:4458;10
ID:4459;1
ID:4460;3
ID:4461;5
ID:4462;3
ID:4463;4
ID:4464;6
ID:4465;7
ID:4466;8
ID:4467;8
ID:4468;2
ID:4469;7
ID:4470;7
ID:4471;10
ID:4472;3
ID:4473;1
ID:4474;7
ID:4475;6
ID:4476;4
ID:4477;3
ID:4478;3
ID:4479;9
ID:4480;4
ID:4481;1
ID:4482;1
ID:4483;2
ID:4484;3
ID:4485;7
ID:4486;7
ID:4487;8
ID:4488;2
ID:4489;8
ID:4490;9
ID:4491;4
ID:4492;4
ID:4493;7
ID:4494;2
ID:4495;3
ID:4496;9
ID:4497;8
ID:4498;3
ID:4499;10
ID:4500;1
ID:4501;3
ID:4502;5
ID:4503;2
ID:4504;8
ID:4505;6
ID:4506;10
ID:4507;9
ID:4508;1
ID:4509;9
ID:4510;5
ID:4511;9
ID:4512;9
ID:4513;1
ID:4514;8
ID:4515;3
ID:4516;4
ID:4517;2
ID:4518;2
ID:4519;9
ID:4520;10
ID:4521;10
ID:4522;7
ID:4523;5
ID:4524;9
ID:4525;3
ID:4526;7
ID:4527;7
ID:4528;10
ID:4529;5
ID:4530;7
ID:4531;7
ID:4532;10
ID:4533;3
ID:4534;9
ID:4535;1
ID:4536;6
ID:4537;9
ID:4538;4
ID:4539;8
ID:4540;8
ID:4541;9
ID:4542;8
ID:4543;3
ID:4544;3
ID:4545;10
ID:4546;6
ID:4547;4
ID:4548;10
ID:4549;9
ID:4550;9
ID:4551;8
ID:4552;7
ID:4553;5
ID:4554;10
ID:4555;1
ID:4556;7
ID:4557;1
ID:4558;4
ID:4559;6
ID:4560;10
ID:4561;3
ID:4562;10
ID:4563;7
ID:4564;2
ID:4565;9
ID:4566;10
ID:4567;6
ID:4568;3
ID:4569;7
ID:4570;8
ID:4571;6
ID:4572;8
ID:4573;5
ID:4574;2
ID:4575;2
ID:4576;2
ID:4577;5
ID:4578;2
ID:4579;9
ID:4580;8
ID:4581;3
ID:4582;7
ID:4583;1
ID:4584;6
ID:4585;10
ID:4586;10
ID:4587;6
ID:4588;3
ID:4589;8
ID:4590;5
ID:4591;5
ID:4592;5
ID:4593;9
ID:4594;8
ID:4595;5
ID:4596;10
ID:4597;1
ID:4598;1
ID:4599;5
ID:4600;1
ID:4601;10
ID:4602;2
ID:4603;3
ID:4604;2
ID:4605;4
ID:4606;10
ID:4607;3
ID:4608;3
ID:4609;9
ID:4610;9
ID:4611;2
ID:4612;10
ID:4613;5
ID:4614;8
ID:4615;7
ID:4616;7
ID:4617;9
ID:4618;1
ID:4619;3
ID:4620;9
ID:4621;4
ID:4622;4
ID:4623;5
ID:4624;3
ID:4625;3
ID:4626;1
ID:4627;10
ID:4628;7
ID:4629;7
ID:4630;2
ID:4631;2
ID:4632;4
ID:4633;7
ID:4634;9
ID:4635;9
ID:4636;2
ID:4637;4
ID:4638;9
ID:4639;3
ID:4640;1
ID:4641;8
ID:4642;3
ID:4643;4
ID:4644;9
ID:4645;3
ID:4646;6
ID:4647;1
ID:4648;1
ID:4649;1
ID:4650;9
ID:4651;1
ID:4652;1
ID:4653;9
ID:4654;7
ID:4655;7
ID:4656;7
ID:4657;7
ID:4658;1
ID:4659;9
ID:4660;3
ID:4661;10
ID:4662;6
ID:4663;7
ID:4664;8
ID:4665;8
ID:4666;9
ID:4667;3
ID:4668;7
ID:4669;10
ID:4670;5
ID:4671;3
ID:4672;10
ID:4673;8
ID:4674;2
ID:4675;1
ID:4676;2
ID:4677;10
ID:4678;6
ID:4679;10
ID:4680;8
ID:4681;1
ID:4682;9
ID:4683;7
ID:4684;8
ID:4685;2
ID:4686;1
ID:4687;5
ID:4688;1
ID:4689;2
ID:4690;2
ID:4691;6
ID:4692;4
ID:4693;1
ID:4694;10
ID:4695;2
ID:4696;3
ID:4697;6
ID:4698;7
ID:4699;1
ID:4700;5
ID:4701;3
ID:4702;4
ID:4703;2
ID:4704;6
ID:4705;7
ID:4706;1
ID:4707;3
ID:4708;8
ID:4709;6
ID:4710;6
ID:4711;8
ID:4712;2
ID:4713;1
ID:4714;1
ID:4715;3
ID:4716;1
ID:4717;9
ID:4718;10
ID:4719;6
ID:4720;8
ID:4721;4
ID:4722;3
ID:4723;5
ID:4724;8
ID:4725;10
ID:4726;9
ID:4727;10
ID:4728;9
ID:4729;1
ID:4730;9
ID:4731;6
ID:4732;3
ID:4733;5
ID:4734;6
ID:4735;6
ID:4736;7
ID:4737;8
ID:4738;1
ID:4739;2
ID:4740;1
ID:4741;9
ID:4742;8
ID:4743;5
ID:4744;6
ID:4745;5
ID:4746;5
ID:4747;3
ID:4748;10
ID:4749;7
ID:4750;1
ID:4751;4
ID:4752;7
ID:4753;2
ID:4754;4
ID:4755;1
ID:4756;10
ID:4757;9
ID:4758;4
ID:4759;6
ID:4760;8
ID:4761;1
ID:4762;5
ID:4763;7
ID:4764;7
ID:4765;1
ID:4766;5
ID:4767;7
ID:4768;6
ID:4769;6
ID:4770;7
ID:4771;4
ID:4772;9
ID:4773;8
ID:4774;5
ID:4775;9
ID:4776;6
ID:4777;8
ID:4778;10
ID:4779;4
ID:4780;6
ID:4781;7
ID:4782;1
ID:4783;2
ID:4784;1
ID:4785;6
ID:4786;9
ID:4787;2
ID:4788;2
ID:4789;5
ID:4790;7
ID:4791;8
ID:4792;4
ID:4793;5
ID:4794;4
ID:4795;10
ID:4796;5
ID:4797;1
ID:4798;8
ID:4799;6
ID:4800;10
ID:4801;8
ID:4802;8
ID:4803;5
ID:4804;1
ID:4805;7
ID:4806;5
ID:4807;9
ID:4808;7
ID:4809;5
ID:4810;6
ID:4811;2
ID:4812;10
ID:4813;1
ID:4814;10
ID:4815;2
ID:4816;1
ID:4817;3
ID:4818;7
ID:4819;2
ID:4820;2
ID:4821;4
ID:4822;6
ID:4823;1
ID:4824;10
ID:4825;9
ID:4826;10
ID:4827;4
ID:4828;5
ID:4829;5
ID:4830;5
ID:4831;5
ID:4832;10
ID:4833;4
ID:4834;4
ID:4835;9
ID:4836;9
ID:4837;7
ID:4838;1
ID:4839;4
ID:4840;1
ID:4841;10
ID:4842;5
ID:4843;7
ID:4844;10
ID:4845;5
ID:4846;9
ID:4847;4
ID:4848;5
ID:4849;3
ID:4850;10
ID:4851;2
ID:4852;4
ID:4853;7
ID:4854;4
ID:4855;7
ID:4856;3
ID:4857;7
ID:4858;5
ID:4859;3
ID:4860;7
ID:4861;1
ID:4862;5
ID:4863;2
ID:4864;10
ID:4865;1
ID:4866;2
ID:4867;7
ID:4868;7
ID:4869;2
ID:4870;3
ID:4871;5
ID:4872;3
ID:4873;4
ID:4874;2
ID:4875;3
ID:4876;10
ID:4877;9
ID:4878;2
ID:4879;5
ID:4880;1
ID:4881;7
ID:4882;10
ID:4883;3
ID:4884;6
ID:4885;4
ID:4886;1
ID:4887;4
ID:4888;10
ID:4889;8
ID:4890;6
ID:4891;3
ID:4892;2
ID:4893;9
ID:4894;7
ID:4895;10
ID:4896;6
ID:4897;3
ID:4898;7
ID:4899;9
ID:4900;4
ID:4901;2
ID:4902;8
ID:4903;3
ID:4904;10
ID:4905;5
ID:4906;10
ID:4907;1
ID:4908;6
ID:4909;2
ID:4910;7
ID:4911;5
ID:4912;6
ID:4913;1
ID:4914;2
ID:4915;1
ID:4916;2
ID:4917;3
ID:4918;7
ID:4919;7
ID:4920;10
ID:4921;9
ID:4922;7
ID:4923;9
ID:4924;7
ID:4925;1
ID:4926;4
ID:4927;4
ID:4928;7
ID:4929;2
ID:4930;8
ID:4931;7
ID:4932;2
ID:4933;3
ID:4934;2
ID:4935;9
ID:4936;9
ID:4937;7
ID:4938;3
ID:4939;2
ID:4940;5
ID:4941;1
ID:4942;9
ID:4943;9
ID:4944;1
ID:4945;2
ID:4946;7
ID:4947;1
ID:4948;7
ID:4949;7
ID:4950;9
ID:4951;4
ID:4952;7
ID:4953;1
ID:4954;10
ID:4955;5
ID:4956;6
ID:4957;9
ID:4958;7
ID:4959;10
ID:4960;1
ID:4961;6
ID:4962;5
ID:4963;4
ID:4964;5
ID:4965;1
ID:4966;3
ID:4967;4
ID:4968;9
ID:4969;4
ID:4970;2
ID:4971;5
ID:4972;10
ID:4973;6
ID:4974;3
ID:4975;10
ID:4976;10
ID:4977;9
ID:4978;8
ID:4979;6
ID:4980;4
ID:4981;4
ID:4982;8
ID:4983;10
ID:4984;4
ID:4985;5
ID:4986;1
ID:4987;2
ID:4988;3
ID:4989;7
ID:4990;4
ID:4991;1
ID:4992;1
ID:4993;3
ID:4994;1
ID:4995;9
ID:4996;6
ID:4997;5
ID:4998;4
ID:4999;1
ID:5000;9
ID:5001;4
ID:5002;2
ID:5003;4
ID:5004;5
ID:5005;4
ID:5006;4
ID:5007;2
ID:5008;8
ID:5009;1
ID:5010;5
ID:5011;7
ID:5012;1
ID:5013;1
ID:5014;7
ID:5015;8
ID:5016;9
ID:5017;5
ID:5018;1
ID:5019;1
ID:5020;1
ID:5021;2
ID:5022;1
ID:5023;3
ID:5024;1
ID:5025;2
ID:5026;5
ID:5027;7
ID:5028;5
ID:5029;5
ID:5030;4
ID:5031;6
ID:5032;5
ID:5033;8
ID:5034;8
ID:5035;10
ID:5036;2
ID:5037;4
ID:5038;6
ID:5039;1
ID:5040;1
ID:5041;10
ID:5042;4
ID:5043;3
ID:5044;2
ID:5045;7
ID:5046;10
ID:5047;10
ID:5048;7
ID:5049;3
ID:5050;10
ID:5051;1
ID:5052;5
ID:5053;4
ID:5054;1
ID:5055;8
ID:5056;4
ID:5057;10
ID:5058;4
ID:5059;3
ID:5060;9
ID:5061;8
ID:5062;7
ID:5063;4
ID:5064;7
ID:5065;10
ID:5066;2
ID:5067;4
ID:5068;4
ID:5069;7
ID:5070;7
ID:5071;5
ID:5072;10
ID:5073;10
ID:5074;10
ID:5075;1
ID:5076;8
ID:5077;9
ID:5078;1
ID:5079;4
ID:5080;3
ID:5081;5
ID:5082;10
ID:5083;2
ID:5084;5
ID:5085;4
ID:5086;2
ID:5087;2
ID:5088;7
ID:5089;10
ID:5090;7
ID:5091;3
ID:5092;1
ID:5093;4
ID:5094;3
ID:5095;4
ID:5096;3
ID:5097;10
ID:5098;6
ID:5099;3
ID:5100;5
ID:5101;7
ID:5102;7
ID:5103;10
ID:5104;7
ID:5105;6
ID:5106;2
ID:5107;5
ID:5108;4
ID:5109;10
ID:5110;10
ID:5111;6
ID:5112;9
ID:5113;10
ID:5114;1
ID:5115;4
ID:5116;8
ID:5117;5
ID:5118;10
ID:5119;4
ID:5120;8
ID:5121;1
ID:5122;7
ID:5123;4
ID:5124;1
ID:5125;4
ID:5126;4
ID:5127;6
ID:5128;8
ID:5129;7
ID:5130;9
ID:5131;9
ID:5132;3
ID:5133;9
ID:5134;9
ID:5135;7
ID:5136;9
ID:5137;1
ID:5138;6
ID:5139;10
ID:5140;2
ID:5141;8
ID:5142;8
ID:5143;8
ID:5144;1
ID:5145;1
ID:5146;4
ID:5147;2
ID:5148;4
ID:5149;9
ID:5150;7
ID:5151;9
ID:5152;10
ID:5153;3
ID:5154;5
ID:5155;4
ID:5156;10
ID:5157;3
ID:5158;10
ID:5159;3
ID:5160;2
ID:5161;6
ID:5162;7
ID:5163;8
ID:5164;2
ID:5165;2
ID:5166;3
ID:5167;10
ID:5168;1
ID:5169;4
ID:5170;5
ID:5171;8
ID:5172;9
ID:5173;1
ID:5174;3
ID:5175;1
ID:5176;4
ID:5177;10
ID:5178;4
ID:5179;10
ID:5180;1
ID:5181;3
ID:5182;3
ID:5183;10
ID:5184;10
ID:5185;1
ID:5186;9
ID:5187;1
ID:5188;5
ID:5189;5
ID:5190;7
ID:5191;7
ID:5192;1
ID:5193;3
ID:5194;9
ID:5195;6
ID:5196;1
ID:5197;10
ID:5198;7
ID:5199;10
ID:5200;9
ID:5201;4
ID:5202;1
ID:5203;10
ID:5204;4
ID:5205;10
ID:5206;10
ID:5207;10
ID:5208;10
ID:5209;4
ID:5210;1
ID:5211;1
ID:5212;9
ID:5213;10
ID:5214;3
ID:5215;9
ID:5216;4
ID:5217;8
ID:5218;9
ID:5219;2
ID:5220;3
ID:5221;3
ID:5222;6
ID:5223;7
ID:5224;7
ID:5225;9
ID:5226;7
ID:5227;7
ID:5228;3
ID:5229;7
ID:5230;10
ID:5231;5
ID:5232;4
ID:5233;5
ID:5234;2
ID:5235;7
ID:5236;3
ID:5237;3
ID:5238;6
ID:5239;1
ID:5240;1
ID:5241;10
ID:5242;1
ID:5243;1
ID:5244;5
ID:5245;7
ID:5246;9
ID:5247;1
ID:5248;1
ID:5249;10
ID:5250;3
ID:5251;4
ID:5252;2
ID:5253;5
ID:5254;7
ID:5255;6
ID:5256;9
ID:5257;4
ID:5258;3
ID:5259;6
ID:5260;4
ID:5261;4
ID:5262;7
ID:5263;4
ID:5264;5
ID:5265;7
ID:5266;7
ID:5267;4
ID:5268;9
ID:5269;7
ID:5270;6
ID:5271;1
ID:5272;2
ID:5273;9
ID:5274;1
ID:5275;4
ID:5276;2
ID:5277;6
ID:5278;2
ID:5279;10
ID:5280;1
ID:5281;6
ID:5282;6
ID:5283;3
ID:5284;5
ID:5285;7
ID:5286;4
ID:5287;9
ID:5288;9
ID:5289;6
ID:5290;9
ID:5291;9
ID:5292;1
ID:5293;1
ID:5294;7
ID:5295;8
ID:5296;3
ID:5297;8
ID:5298;7
ID:5299;9
ID:5300;1
ID:5301;5
ID:5302;3
ID:5303;5
ID:5304;5
ID:5305;2
ID:5306;2
ID:5307;4
ID:5308;5
ID:5309;4
ID:5310;4
ID:5311;3
ID:5312;3
ID:5313;3
ID:5314;6
ID:5315;8
ID:5316;8
ID:5317;4
ID:5318;10
ID:5319;8
ID:5320;3
ID:5321;9
ID:5322;6
ID:5323;3
ID:5324;8
ID:5325;7
ID:5326;1
ID:5327;2
ID:5328;2
ID:5329;3
ID:5330;1
ID:5331;5
ID:5332;10
ID:5333;3
ID:5334;10
ID:5335;6
ID:5336;3
ID:5337;2
ID:5338;9
ID:5339;3
ID:5340;5
ID:5341;10
ID:5342;5
ID:5343;5
ID:5344;2
ID:5345;6
ID:5346;7
ID:5347;8
ID:5348;5
ID:5349;10
ID:5350;1
ID:5351;9
ID:5352;9
ID:5353;9
ID:5354;6
ID:5355;3
ID:5356;9
ID:5357;10
ID:5358;7
ID:5359;9
ID:5360;2
ID:5361;1
ID:5362;3
ID:5363;2
ID:5364;3
ID:5365;9
ID:5366;4
ID:5367;10
ID:5368;4
ID:5369;10
ID:5370;5
ID:5371;7
ID:5372;6
ID:5373;7
ID:5374;4
ID:5375;4
ID:5376;4
ID:5377;2
ID:5378;1
ID:5379;3
ID:5380;10
ID:5381;4
ID:5382;8
ID:5383;2
ID:5384;3
ID:5385;2
ID:5386;7
ID:5387;1
ID:5388;8
ID:5389;8
ID:5390;8
ID:5391;4
ID:5392;5
ID:5393;1
ID:5394;2
ID:5395;5
ID:5396;8
ID:5397;3
ID:5398;2
ID:5399;4
ID:5400;2
ID:5401;7
ID:5402;5
ID:5403;5
ID:5404;5
ID:5405;5
ID:5406;4
ID:5407;2
ID:5408;5
ID:5409;3
ID:5410;9
ID:5411;8
ID:5412;10
ID:5413;4
ID:5414;9
ID:5415;9
ID:5416;3
ID:5417;1
ID:5418;9
ID:5419;1
ID:5420;3
ID:5421;4
ID:5422;3
ID:5423;6
ID:5424;3
ID:5425;2
ID:5426;2
ID:5427;6
ID:5428;6
ID:5429;10
ID:5430;6
ID:5431;2
ID:5432;10
ID:5433;8
ID:5434;2
ID:5435;4
ID:5436;10
ID:5437;3
ID:5438;8
ID:5439;9
ID:5440;9
ID:5441;5
ID:5442;6
ID:5443;5
ID:5444;10
ID:5445;1
ID:5446;5
ID:5447;2
ID:5448;3
ID:5449;3
ID:5450;2
ID:5451;8
ID:5452;5
ID:5453;1
ID:5454;1
ID:5455;9
ID:5456;5
ID:5457;9
ID:5458;3
ID:5459;4
ID:5460;3
ID:5461;8
ID:5462;7
ID:5463;6
ID:5464;8
ID:5465;8
ID:5466;8
ID:5467;2
ID:5468;3
ID:5469;5
ID:5470;10
ID:5471;1
ID:5472;3
ID:5473;1
ID:5474;3
ID:5475;8
ID:5476;8
ID:5477;9
ID:5478;7
ID:5479;3
ID:5480;8
ID:5481;1
ID:5482;4
ID:5483;3
ID:5484;8
ID:5485;8
ID:5486;7
ID:5487;9
ID:5488;7
ID:5489;4
ID:5490;10
ID:5491;1
ID:5492;1
ID:5493;5
ID:5494;6
ID:5495;2
ID:5496;9
ID:5497;10
ID:5498;7
ID:5499;3
ID:5500;3
ID:5501;3
ID:5502;9
ID:5503;8
ID:5504;4
ID:5505;1
ID:5506;5
ID:5507;5
ID:5508;9
ID:5509;4
ID:5510;1
ID:5511;6
ID:5512;3
ID:5513;10
ID:5514;6
ID:5515;3
ID:5516;5
ID:5517;5
ID:5518;8
ID:5519;1
ID:5520;1
ID:5521;9
ID:5522;5
ID:5523;10
ID:5524;6
ID:5525;9
ID:5526;1
ID:5527;9
ID:5528;5
ID:5529;1
ID:5530;9
ID:5531;8
ID:5532;2
ID:5533;5
ID:5534;10
ID:5535;5
ID:5536;2
ID:5537;6
ID:5538;9
ID:5539;8
ID:5540;3
ID:5541;3
ID:5542;1
ID:5543;4
ID:5544;3
ID:5545;4
ID:5546;9
ID:5547;1
ID:5548;9
ID:5549;4
ID:5550;7
ID:5551;5
ID:5552;3
ID:5553;7
ID:5554;2
ID:5555;4
ID:5556;9
ID:5557;10
ID:5558;2
ID:5559;6
ID:5560;1
ID:5561;6
ID:5562;1
ID:5563;8
ID:5564;5
ID:5565;3
ID:5566;5
ID:5567;9
ID:5568;10
ID:5569;1
ID:5570;1
ID:5571;10
ID:5572;6
ID:5573;1
ID:5574;8
ID:5575;8
ID:5576;9
ID:5577;2
ID:5578;7
ID:5579;3
ID:5580;1
ID:5581;1
ID:5582;1
ID:5583;1
ID:5584;5
ID:5585;5
ID:5586;6
ID:5587;5
ID:5588;3
ID:5589;7
ID:5590;7
ID:5591;3
ID:5592;4
ID:5593;4
ID:5594;8
ID:5595;7
ID:5596;3
ID:5597;3
ID:5598;9
ID:5599;10
ID:5600;9
ID:5601;1
ID:5602;1
ID:5603;8
ID:5604;3
ID:5605;8
ID:5606;9
ID:5607;2
ID:5608;9
ID:5609;5
ID:5610;6
ID:5611;7
ID:5612;3
ID:5613;10
ID:5614;6
ID:5615;10
ID:5616;6
ID:5617;10
ID:5618;4
ID:5619;1
ID:5620;8
ID:5621;10
ID:5622;6
ID:5623;4
ID:5624;5
ID:5625;8
ID:5626;6
ID:5627;3
ID:5628;4
ID:5629;1
ID:5630;5
ID:5631;6
ID:5632;4
ID:5633;8
ID:5634;4
ID:5635;10
ID:5636;1
ID:5637;3
ID:5638;8
ID:5639;8
ID:5640;7
ID:5641;5
ID:5642;6
ID:5643;8
ID:5644;1
ID:5645;1
ID:5646;1
ID:5647;5
ID:5648;9
ID:5649;8
ID:5650;1
ID:5651;4
ID:5652;10
ID:5653;9
ID:5654;3
ID:5655;9
ID:5656;5
ID:5657;7
ID:5658;4
ID:5659;6
ID:5660;3
ID:5661;6
ID:5662;9
ID:5663;8
ID:5664;1
ID:5665;10
ID:5666;4
ID:5667;6
ID:5668;6
ID:5669;6
ID:5670;10
ID:5671;4
ID:5672;3
ID:5673;6
ID:5674;5
ID:5675;4
ID:5676;5
ID:5677;9
ID:5678;3
ID:5679;4
ID:5680;8
ID:5681;1
ID:5682;5
ID:5683;6
ID:5684;10
ID:5685;2
ID:5686;7
ID:5687;5
ID:5688;5
ID:5689;5
ID:5690;6
ID:5691;4
ID:5692;9
ID:5693;3
ID:5694;5
ID:5695;1
ID:5696;7
ID:5697;8
ID:5698;8
ID:5699;2
ID:5700;7
ID:5701;6
ID:5702;10
ID:5703;3
ID:5704;9
ID:5705;8
ID:5706;2
ID:5707;4
ID:5708;4
ID:5709;10
ID:5710;5
ID:5711;6
ID:5712;4
ID:5713;10
ID:5714;8
ID:5715;2
ID:5716;2
ID:5717;3
ID:5718;8
ID:5719;10
ID:5720;3
ID:5721;9
ID:5722;1
ID:5723;1
ID:5724;10
ID:5725;6
ID:5726;5
ID:5727;10
ID:5728;1
ID:5729;5
ID:5730;7
ID:5731;7
ID:5732;2
ID:5733;2
ID:5734;8
ID:5735;3
ID:5736;1
ID:5737;2
ID:5738;8
ID:5739;3
ID:5740;10
ID:5741;3
ID:5742;2
ID:5743;6
ID:5744;10
ID:5745;10
ID:5746;1
ID:5747;10
ID:5748;5
ID:5749;4
ID:5750;9
ID:5751;4
ID:5752;10
ID:5753;9
ID:5754;9
ID:5755;9
ID:5756;5
ID:5757;9
ID:5758;3
ID:5759;4
ID:5760;4
ID:5761;2
ID:5762;3
ID:5763;10
ID:5764;3
ID:5765;9
ID:5766;5
ID:5767;3
ID:5768;3
ID:5769;6
ID:5770;2
ID:5771;10
ID:5772;6
ID:5773;6
ID:5774;10
ID:5775;1
ID:5776;8
ID:5777;6
ID:5778;1
ID:5779;1
ID:5780;6
ID:5781;6
ID:5782;5
ID:5783;8
ID:5784;6
ID:5785;4
ID:5786;7
ID:5787;3
ID:5788;3
ID:5789;10
ID:5790;8
ID:5791;2
ID:5792;9
ID:5793;5
ID:5794;9
ID:5795;9
ID:5796;1
ID:5797;2
ID:5798;3
ID:5799;2
ID:5800;5
ID:5801;9
ID:5802;7
ID:5803;10
ID:5804;2
ID:5805;10
ID:5806;9
ID:5807;5
ID:5808;9
ID:5809;9
ID:5810;1
ID:5811;10
ID:5812;9
ID:5813;3
ID:5814;8
ID:5815;9
ID:5816;7
ID:5817;5
ID:5818;5
ID:5819;10
ID:5820;3
ID:5821;2
ID:5822;10
ID:5823;4
ID:5824;9
ID:5825;10
ID:5826;1
ID:5827;2
ID:5828;7
ID:5829;2
ID:5830;10
ID:5831;7
ID:5832;3
ID:5833;10
ID:5834;6
ID:5835;8
ID:5836;9
ID:5837;6
ID:5838;7
ID:5839;7
ID:5840;6
ID:5841;3
ID:5842;4
ID:5843;5
ID:5844;9
ID:5845;8
ID:5846;4
ID:5847;7
ID:5848;7
ID:5849;1
ID:5850;2
ID:5851;6
ID:5852;8
ID:5853;4
ID:5854;9
ID:5855;3
ID:5856;9
ID:5857;4
ID:5858;1
ID:5859;3
ID:5860;9
ID:5861;8
ID:5862;8
ID:5863;8
ID:5864;9
ID:5865;5
ID:5866;8
ID:5867;10
ID:5868;8
ID:5869;1
ID:5870;10
ID:5871;1
ID:5872;9
ID:5873;9
ID:5874;5
ID:5875;1
ID:5876;9
ID:5877;6
ID:5878;5
ID:5879;2
ID:5880;7
ID:5881;5
ID:5882;5
ID:5883;7
ID:5884;10
ID:5885;5
ID:5886;9
ID:5887;10
ID:5888;1
ID:5889;3
ID:5890;9
ID:5891;5
ID:5892;6
ID:5893;4
ID:5894;8
ID:5895;9
ID:5896;6
ID:5897;7
ID:5898;6
ID:5899;5
ID:5900;1
ID:5901;5
ID:5902;9
ID:5903;6
ID:5904;1
ID:5905;1
ID:5906;8
ID:5907;9
ID:5908;10
ID:5909;9
ID:5910;5
ID:5911;4
ID:5912;10
ID:5913;10
ID:5914;7
ID:5915;4
ID:5916;3
ID:5917;1
ID:5918;9
ID:5919;5
ID:5920;6
ID:5921;9
ID:5922;9
ID:5923;5
ID:5924;3
ID:5925;5
ID:5926;6
ID:5927;5
ID:5928;1
ID:5929;6
ID:5930;5
ID:5931;3
ID:5932;10
ID:5933;1
ID:5934;1
ID:5935;2
ID:5936;6
ID:5937;10
ID:5938;6
ID:5939;10
ID:5940;7
ID:5941;1
ID:5942;10
ID:5943;2
ID:5944;9
ID:5945;5
ID:5946;6
ID:5947;7
ID:5948;8
ID:5949;4
ID:5950;6
ID:5951;5
ID:5952;8
ID:5953;1
ID:5954;9
ID:5955;3
ID:5956;6
ID:5957;5
ID:5958;4
ID:5959;7
ID:5960;6
ID:5961;3
ID:5962;9
ID:5963;4
ID:5964;4
ID:5965;3
ID:5966;5
ID:5967;9
ID:5968;9
ID:5969;5
ID:5970;8
ID:5971;3
ID:5972;6
ID:5973;9
ID:5974;8
ID:5975;6
ID:5976;9
ID:5977;8
ID:5978;6
ID:5979;8
ID:5980;9
ID:5981;10
ID:5982;8
ID:5983;7
ID:5984;1
ID:5985;1
ID:5986;5
ID:5987;9
ID:5988;2
ID:5989;9
ID:5990;7
ID:5991;2
ID:5992;6
ID:5993;10
ID:5994;4
ID:5995;5
ID:5996;3
ID:5997;7
ID:5998;8
ID:5999;6
ID:6000;1
ID:6001;8
ID:6002;8
ID:6003;3
ID:6004;7
ID:6005;4
ID:6006;9
ID:6007;10
ID:6008;4
ID:6009;4
ID:6010;4
ID:6011;8
ID:6012;9
ID:6013;6
ID:6014;8
ID:6015;6
ID:6016;5
ID:6017;2
ID:6018;4
ID:6019;4
ID:6020;9
ID:6021;6
ID:6022;8
ID:6023;1
ID:6024;8
ID:6025;7
ID:6026;7
ID:6027;6
ID:6028;6
ID:6029;4
ID:6030;4
ID:6031;3
ID:6032;10
ID:6033;1
ID:6034;7
ID:6035;2
ID:6036;3
ID:6037;5
ID:6038;1
ID:6039;7
ID:6040;2
ID:6041;6
ID:6042;6
ID:6043;8
ID:6044;5
ID:6045;9
ID:6046;3
ID:6047;1
ID:6048;3
ID:6049;9
ID:6050;10
ID:6051;1
ID:6052;3
ID:6053;5
ID:6054;8
ID:6055;6
ID:6056;10
ID:6057;7
ID:6058;6
ID:6059;10
ID:6060;7
ID:6061;3
ID:6062;4
ID:6063;10
ID:6064;1
ID:6065;2
ID:6066;9
ID:6067;9
ID:6068;9
ID:6069;6
ID:6070;4
ID:6071;1
ID:6072;1
ID:6073;7
ID:6074;2
ID:6075;4
ID:6076;10
ID:6077;10
ID:6078;6
ID:6079;9
ID:6080;4
ID:6081;7
ID:6082;4
ID:6083;8
ID:6084;4
ID:6085;3
ID:6086;10
ID:6087;6
ID:6088;4
ID:6089;2
ID:6090;3
ID:6091;6
ID:6092;10
ID:6093;1
ID:6094;1
ID:6095;10
ID:6096;2
ID:6097;6
ID:6098;8
ID:6099;4
ID:6100;1
ID:6101;5
ID:6102;2
ID:6103;7
ID:6104;5
ID:6105;10
ID:6106;10
ID:6107;7
ID:6108;4
ID:6109;4
ID:6110;6
ID:6111;1
ID:6112;2
ID:6113;7
ID:6114;6
ID:6115;10
ID:6116;10
ID:6117;7
ID:6118;7
ID:6119;8
ID:6120;2
ID:6121;3
ID:6122;6
ID:6123;8
ID:6124;4
ID:6125;9
ID:6126;2
ID:6127;1
ID:6128;6
ID:6129;3
ID:6130;3
ID:6131;5
ID:6132;2
ID:6133;3
ID:6134;9
ID:6135;10
ID:6136;6
ID:6137;7
ID:6138;3
ID:6139;5
ID:6140;4
ID:6141;4
ID:6142;2
ID:6143;10
ID:6144;7
ID:6145;3
ID:6146;4
ID:6147;4
ID:6148;5
ID:6149;2
ID:6150;10
ID:6151;5
ID:6152;10
ID:6153;1
ID:6154;2
ID:6155;8
ID:6156;10
ID:6157;5
ID:6158;4
ID:6159;6
ID:6160;8
ID:6161;10
ID:6162;1
ID:6163;2
ID:6164;2
ID:6165;2
ID:6166;9
ID:6167;10
ID:6168;8
ID:6169;7
ID:6170;4
ID:6171;3
ID:6172;4
ID:6173;2
ID:6174;5
ID:6175;9
ID:6176;1
ID:6177;7
ID:6178;1
ID:6179;2
ID:6180;5
ID:6181;9
ID:6182;6
ID:6183;5
ID:6184;3
ID:6185;9
ID:6186;5
ID:6187;2
ID:6188;1
ID:6189;1
ID:6190;1
ID:6191;2
ID:6192;4
ID:6193;8
ID:6194;7
ID:6195;4
ID:6196;3
ID:6197;1
ID:6198;8
ID:6199;5
ID:6200;4
ID:6201;5
ID:6202;6
ID:6203;9
ID:6204;8
ID:6205;8
ID:6206;1
ID:6207;9
ID:6208;6
ID:6209;4
ID:6210;7
ID:6211;3
ID:6212;4
ID:6213;3
ID:6214;1
ID:6215;10
ID:6216;5
ID:6217;7
ID:6218;10
ID:6219;4
ID:6220;7
ID:6221;7
ID:6222;9
ID:6223;8
ID:6224;7
ID:6225;3
ID:6226;10
ID:6227;7
ID:6228;5
ID:6229;1
ID:6230;6
ID:6231;1
ID:6232;9
ID:6233;7
ID:6234;8
ID:6235;1
ID:6236;3
ID:6237;8
ID:6238;7
ID:6239;5
ID:6240;8
ID:6241;7
ID:6242;7
ID:6243;7
ID:6244;4
ID:6245;8
ID:6246;9
ID:6247;1
ID:6248;7
ID:6249;8
ID:6250;10
ID:6251;7
ID:6252;2
ID:6253;5
ID:6254;8
ID:6255;8
ID:6256;6
ID:6257;8
ID:6258;2
ID:6259;5
ID:6260;9
ID:6261;4
ID:6262;4
ID:6263;5
ID:6264;9
ID:6265;7
ID:6266;5
ID:6267;7
ID:6268;6
ID:6269;1
ID:6270;7
ID:6271;7
ID:6272;10
ID:6273;5
ID:6274;6
ID:6275;1
ID:6276;10
ID:6277;3
ID:6278;5
ID:6279;9
ID:6280;5
ID:6281;9
ID:6282;10
ID:6283;8
ID:6284;2
ID:6285;9
ID:6286;10
ID:6287;4
ID:6288;9
ID:6289;10
ID:6290;5
ID:6291;6
ID:6292;6
ID:6293;2
ID:6294;7
ID:6295;5
ID:6296;3
ID:6297;2
ID:6298;8
ID:6299;7
ID:6300;3
ID:6301;2
ID:6302;6
ID:6303;7
ID:6304;1
ID:6305;3
ID:6306;8
ID:6307;7
ID:6308;9
ID:6309;8
ID:6310;8
ID:6311;4
ID:6312;4
ID:6313;3
ID:6314;1
ID:6315;10
ID:6316;5
ID:6317;7
ID:6318;4
ID:6319;1
ID:6320;8
ID:6321;1
ID:6322;9
ID:6323;6
ID:6324;6
ID:6325;2
ID:6326;2
ID:6327;8
ID:6328;9
ID:6329;2
ID:6330;9
ID:6331;8
ID:6332;5
ID:6333;8
ID:6334;7
ID:6335;3
ID:6336;4
ID:6337;3
ID:6338;7
ID:6339;9
ID:6340;2
ID:6341;3
ID:6342;5
ID:6343;1
ID:6344;2
ID:6345;1
ID:6346;2
ID:6347;3
ID:6348;2
ID:6349;7
ID:6350;10
ID:6351;7
ID:6352;9
ID:6353;8
ID:6354;10
ID:6355;2
ID:6356;3
ID:6357;10
ID:6358;1
ID:6359;9
ID:6360;2
ID:6361;10
ID:6362;8
ID:6363;8
ID:6364;10
ID:6365;10
ID:6366;10
ID:6367;7
ID:6368;7
ID:6369;9
ID:6370;7
ID:6371;2
ID:6372;10
ID:6373;5
ID:6374;10
ID:6375;5
ID:6376;7
ID:6377;8
ID:6378;4
ID:6379;5
ID:6380;10
ID:6381;9
ID:6382;7
ID:6383;2
ID:6384;2
ID:6385;2
ID:6386;10
ID:6387;8
ID:6388;8
ID:6389;5
ID:6390;1
ID:6391;4
ID:6392;3
ID:6393;8
ID:6394;8
ID:6395;2
ID:6396;6
ID:6397;8
ID:6398;2
ID:6399;3
ID:6400;2
ID:6401;6
ID:6402;6
ID:6403;4
ID:6404;1
ID:6405;9
ID:6406;8
ID:6407;5
ID:6408;9
ID:6409;6
ID:6410;6
ID:6411;5
ID:6412;7
ID:6413;7
ID:6414;10
ID:6415;3
ID:6416;4
ID:6417;7
ID:6418;6
ID:6419;8
ID:6420;1
ID:6421;3
ID:6422;10
ID:6423;2
ID:6424;8
ID:6425;3
ID:6426;10
ID:6427;2
ID:6428;8
ID:6429;8
ID:6430;10
ID:6431;9
ID:6432;6
ID:6433;2
ID:6434;3
ID:6435;5
ID:6436;4
ID:6437;4
ID:6438;1
ID:6439;3
ID:6440;5
ID:6441;6
ID:6442;9
ID:6443;2
ID:6444;10
ID:6445;6
ID:6446;7
ID:6447;6
ID:6448;9
ID:6449;5
ID:6450;9
ID:6451;9
ID:6452;2
ID:6453;5
ID:6454;2
ID:6455;10
ID:6456;7
ID:6457;5
ID:6458;6
ID:6459;8
ID:6460;10
ID:6461;6
ID:6462;7
ID:6463;1
ID:6464;7
ID:6465;7
ID:6466;9
ID:6467;6
ID:6468;4
ID:6469;5
ID:6470;10
ID:6471;10
ID:6472;6
ID:6473;3
ID:6474;4
ID:6475;6
ID:6476;4
ID:6477;8
ID:6478;3
ID:6479;3
ID:6480;6
ID:6481;4
ID:6482;3
ID:6483;3
ID:6484;10
ID:6485;1
ID:6486;8
ID:6487;2
ID:6488;10
ID:6489;4
ID:6490;9
ID:6491;10
ID:6492;9
ID:6493;4
ID:6494;4
ID:6495;9
ID:6496;9
ID:6497;8
ID:6498;5
ID:6499;3
ID:6500;7
ID:6501;2
ID:6502;3
ID:6503;5
ID:6504;6
ID:6505;9
ID:6506;4
ID:6507;9
ID:6508;1
ID:6509;6
ID:6510;7
ID:6511;9
ID:6512;2
ID:6513;3
ID:6514;2
ID:6515;7
ID:6516;4
ID:6517;5
ID:6518;2
ID:6519;7
ID:6520;10
ID:6521;8
ID:6522;6
ID:6523;10
ID:6524;7
ID:6525;1
ID:6526;2
ID:6527;3
ID:6528;10
ID:6529;5
ID:6530;8
ID:6531;6
ID:6532;3
ID:6533;10
ID:6534;7
ID:6535;5
ID:6536;1
ID:6537;9
ID:6538;8
ID:6539;1
ID:6540;7
ID:6541;9
ID:6542;2
ID:6543;4
ID:6544;7
ID:6545;10
ID:6546;8
ID:6547;6
ID:6548;2
ID:6549;7
ID:6550;6
ID:6551;5
ID:6552;7
ID:6553;9
ID:6554;4
ID:6555;10
ID:6556;7
ID:6557;3
ID:6558;9
ID:6559;6
ID:6560;8
ID:6561;2
ID:6562;10
ID:6563;7
ID:6564;9
ID:6565;1
ID:6566;7
ID:6567;2
ID:6568;6
ID:6569;8
ID:6570;7
ID:6571;6
ID:6572;8
ID:6573;1
ID:6574;1
ID:6575;2
ID:6576;7
ID:6577;2
ID:6578;4
ID:6579;7
ID:6580;3
ID:6581;6
ID:6582;2
ID:6583;3
ID:6584;10
ID:6585;3
ID:6586;10
ID:6587;5
ID:6588;7
ID:6589;8
ID:6590;9
ID:6591;8
ID:6592;10
ID:6593;2
ID:6594;4
ID:6595;5
ID:6596;9
ID:6597;6
ID:6598;5
ID:6599;6
ID:6600;4
ID:6601;6
ID:6602;1
ID:6603;4
ID:6604;1
ID:6605;10
ID:6606;8
ID:6607;6
ID:6608;8
ID:6609;2
ID:6610;4
ID:6611;5
ID:6612;10
ID:6613;2
ID:6614;3
ID:6615;2
ID:6616;1
ID:6617;7
ID:6618;7
ID:6619;7
ID:6620;2
ID:6621;2
ID:6622;5
ID:6623;9
ID:6624;10
ID:6625;9
ID:6626;6
ID:6627;6
ID:6628;8
ID:6629;6
ID:6630;3
ID:6631;1
ID:6632;7
ID:6633;8
ID:6634;4
ID:6635;7
ID:6636;6
ID:6637;8
ID:6638;2
ID:6639;10
ID:6640;6
ID:6641;4
ID:6642;7
ID:6643;6
ID:6644;5
ID:6645;4
ID:6646;9
ID:6647;9
ID:6648;10
ID:6649;3
ID:6650;5
ID:6651;2
ID:6652;9
ID:6653;9
ID:6654;4
ID:6655;2
ID:6656;1
ID:6657;2
ID:6658;5
ID:6659;3
ID:6660;5
ID:6661;3
ID:6662;9
ID:6663;3
ID:6664;9
ID:6665;3
ID:6666;8
ID:6667;3
ID:6668;9
ID:6669;6
ID:6670;7
ID:6671;3
ID:6672;5
ID:6673;7
ID:6674;1
ID:6675;9
ID:6676;6
ID:6677;10
ID:6678;5
ID:6679;6
ID:6680;1
ID:6681;8
ID:6682;7
ID:6683;6
ID:6684;1
ID:6685;2
ID:6686;3
ID:6687;9
ID:6688;4
ID:6689;2
ID:6690;7
ID:6691;4
ID:6692;4
ID:6693;10
ID:6694;6
ID:6695;4
ID:6696;6
ID:6697;4
ID:6698;7
ID:6699;2
ID:6700;7
ID:6701;6
ID:6702;10
ID:6703;4
ID:6704;6
ID:6705;2
ID:6706;7
ID:6707;3
ID:6708;8
ID:6709;6
ID:6710;7
ID:6711;2
ID:6712;8
ID:6713;9
ID:6714;2
ID:6715;8
ID:6716;6
ID:6717;3
ID:6718;3
ID:6719;8
ID:6720;10
ID:6721;10
ID:6722;9
ID:6723;8
ID:6724;10
ID:6725;3
ID:6726;10
ID:6727;6
ID:6728;1
ID:6729;8
ID:6730;4
ID:6731;2
ID:6732;4
ID:6733;3
ID:6734;9
ID:6735;5
ID:6736;8
ID:6737;3
ID:6738;10
ID:6739;9
ID:6740;5
ID:6741;10
ID:6742;1
ID:6743;9
ID:6744;5
ID:6745;5
ID:6746;7
ID:6747;5
ID:6748;8
ID:6749;9
ID:6750;8
ID:6751;3
ID:6752;2
ID:6753;10
ID:6754;2
ID:6755;7
ID:6756;8
ID:6757;3
ID:6758;4
ID:6759;4
ID:6760;3
ID:6761;2
ID:6762;2
ID:6763;1
ID:6764;3
ID:6765;6
ID:6766;9
ID:6767;6
ID:6768;1
ID:6769;8
ID:6770;10
ID:6771;4
ID:6772;4
ID:6773;4
ID:6774;3
ID:6775;1
ID:6776;10
ID:6777;1
ID:6778;4
ID:6779;5
ID:6780;7
ID:6781;5
ID:6782;8
ID:6783;2
ID:6784;1
ID:6785;1
ID:6786;10
ID:6787;4
ID:6788;1
ID:6789;3
ID:6790;8
ID:6791;6
ID:6792;10
ID:6793;7
ID:6794;6
ID:6795;3
ID:6796;9
ID:6797;10
ID:6798;7
ID:6799;9
ID:6800;7
ID:6801;1
ID:6802;5
ID:6803;1
ID:6804;10
ID:6805;5
ID:6806;10
ID:6807;9
ID:6808;7
ID:6809;2
ID:6810;8
ID:6811;8
ID:6812;9
ID:6813;9
ID:6814;7
ID:6815;9
ID:6816;4
ID:6817;10
ID:6818;1
ID:6819;2
ID:6820;6
ID:6821;5
ID:6822;5
ID:6823;9
ID:6824;1
ID:6825;5
ID:6826;4
ID:6827;8
ID:6828;8
ID:6829;1
ID:6830;3
ID:6831;10
ID:6832;5
ID:6833;5
ID:6834;9
ID:6835;6
ID:6836;1
ID:6837;8
ID:6838;3
ID:6839;7
ID:6840;2
ID:6841;2
ID:6842;8
ID:6843;9
ID:6844;5
ID:6845;1
ID:6846;7
ID:6847;1
ID:6848;10
ID:6849;8
ID:6850;9
ID:6851;9
ID:6852;10
ID:6853;5
ID:6854;3
ID:6855;3
ID:6856;6
ID:6857;7
ID:6858;1
ID:6859;6
ID:6860;1
ID:6861;2
ID:6862;1
ID:6863;7
ID:6864;10
ID:6865;8
ID:6866;3
ID:6867;4
ID:6868;1
ID:6869;2
ID:6870;8
ID:6871;7
ID:6872;7
ID:6873;4
ID:6874;1
ID:6875;5
ID:6876;8
ID:6877;7
ID:6878;4
ID:6879;10
ID:6880;8
ID:6881;4
ID:6882;9
ID:6883;10
ID:6884;2
ID:6885;4
ID:6886;10
ID:6887;10
ID:6888;3
ID:6889;6
ID:6890;10
ID:6891;4
ID:6892;7
ID:6893;8
ID:6894;6
ID:6895;10
ID:6896;1
ID:6897;1
ID:6898;9
ID:6899;7
ID:6900;8
ID:6901;3
ID:6902;10
ID:6903;8
ID:6904;10
ID:6905;3
ID:6906;2
ID:6907;6
ID:6908;4
ID:6909;9
ID:6910;6
ID:6911;10
ID:6912;4
ID:6913;1
ID:6914;8
ID:6915;7
ID:6916;4
ID:6917;1
ID:6918;6
ID:6919;6
ID:6920;9
ID:6921;4
ID:6922;2
ID:6923;5
ID:6924;2
ID:6925;4
ID:6926;1
ID:6927;10
ID:6928;9
ID:6929;2
ID:6930;4
ID:6931;7
ID:6932;8
ID:6933;7
ID:6934;3
ID:6935;5
ID:6936;4
ID:6937;1
ID:6938;1
ID:6939;9
ID:6940;3
ID:6941;5
ID:6942;7
ID:6943;4
ID:6944;1
ID:6945;1
ID:6946;1
ID:6947;7
ID:6948;1
ID:6949;10
ID:6950;6
ID:6951;1
ID:6952;6
ID:6953;3
ID:6954;9
ID:6955;5
ID:6956;1
ID:6957;6
ID:6958;7
ID:6959;6
ID:6960;2
ID:6961;3
ID:6962;8
ID:6963;2
ID:6964;5
ID:6965;9
ID:6966;2
ID:6967;7
ID:6968;8
ID:6969;3
ID:6970;4
ID:6971;4
ID:6972;1
ID:6973;7
ID:6974;4
ID:6975;5
ID:6976;7
ID:6977;9
ID:6978;4
ID:6979;1
ID:6980;4
ID:6981;4
ID:6982;10
ID:6983;10
ID:6984;7
ID:6985;3
ID:6986;1
ID:6987;6
ID:6988;8
ID:6989;9
ID:6990;5
ID:6991;9
ID:6992;4
ID:6993;5
ID:6994;8
ID:6995;1
ID:6996;7
ID:6997;5
ID:6998;9
ID:6999;2
ID:7000;10
ID:7001;5
ID:7002;9
ID:7003;8
ID:7004;6
ID:7005;3
ID:7006;1
ID:7007;10
ID:7008;10
ID:7009;5
ID:7010;8
ID:7011;3
ID:7012;2
ID:7013;6
ID:7014;3
ID:7015;9
ID:7016;3
ID:7017;9
ID:7018;6
ID:7019;3
ID:7020;9
ID:7021;7
ID:7022;9
ID:7023;9
ID:7024;9
ID:7025;6
ID:7026;10
ID:7027;6
ID:7028;10
ID:7029;4
ID:7030;8
ID:7031;3
ID:7032;10
ID:7033;3
ID:7034;2
ID:7035;9
ID:7036;6
ID:7037;2
ID:7038;4
ID:7039;4
ID:7040;3
ID:7041;2
ID:7042;6
ID:7043;4
ID:7044;2
ID:7045;2
ID:7046;8
ID:7047;9
ID:7048;2
ID:7049;9
ID:7050;8
ID:7051;8
ID:7052;9
ID:7053;7
ID:7054;4
ID:7055;3
ID:7056;6
ID:7057;10
ID:7058;9
ID:7059;1
ID:7060;3
ID:7061;5
ID:7062;1
ID:7063;6
ID:7064;8
ID:7065;6
ID:7066;4
ID:7067;10
ID:7068;4
ID:7069;5
ID:7070;3
ID:7071;2
ID:7072;6
ID:7073;3
ID:7074;10
ID:7075;8
ID:7076;1
ID:7077;6
ID:7078;8
ID:7079;8
ID:7080;8
ID:7081;2
ID:7082;5
ID:7083;1
ID:7084;6
ID:7085;10
ID:7086;4
ID:7087;3
ID:7088;9
ID:7089;10
ID:7090;4
ID:7091;6
ID:7092;3
ID:7093;3
ID:7094;2
ID:7095;9
ID:7096;1
ID:7097;1
ID:7098;6
ID:7099;6
ID:7100;9
ID:7101;9
ID:7102;5
ID:7103;8
ID:7104;6
ID:7105;7
ID:7106;3
ID:7107;7
ID:7108;8
ID:7109;6
ID:7110;3
ID:7111;10
ID:7112;3
ID:7113;2
ID:7114;3
ID:7115;2
ID:7116;10
ID:7117;10
ID:7118;1
ID:7119;8
ID:7120;2
ID:7121;1
ID:7122;1
ID:7123;5
ID:7124;1
ID:7125;8
ID:7126;9
ID:7127;3
ID:7128;1
ID:7129;1
ID:7130;7
ID:7131;1
ID:7132;10
ID:7133;2
ID:7134;9
ID:7135;10
ID:7136;7
ID:7137;7
ID:7138;5
ID:7139;10
ID:7140;7
ID:7141;8
ID:7142;6
ID:7143;3
ID:7144;7
ID:7145;4
ID:7146;3
ID:7147;2
ID:7148;1
ID:7149;10
ID:7150;9
ID:7151;2
ID:7152;10
ID:7153;9
ID:7154;5
ID:7155;9
ID:7156;8
ID:7157;10
ID:7158;7
ID:7159;9
ID:7160;9
ID:7161;1
ID:7162;6
ID:7163;7
ID:7164;10
ID:7165;2
ID:7166;1
ID:7167;1
ID:7168;4
ID:7169;3
ID:7170;5
ID:7171;4
ID:7172;6
ID:7173;1
ID:7174;1
ID:7175;5
ID:7176;6
ID:7177;8
ID:7178;8
ID:7179;8
ID:7180;5
ID:7181;8
ID:7182;2
ID:7183;2
ID:7184;2
ID:7185;6
ID:7186;1
ID:7187;2
ID:7188;8
ID:7189;1
ID:7190;3
ID:7191;7
ID:7192;10
ID:7193;7
ID:7194;2
ID:7195;7
ID:7196;2
ID:7197;9
ID:7198;4
ID:7199;6
ID:7200;4
ID:7201;3
ID:7202;8
ID:7203;8
ID:7204;6
ID:7205;6
ID:7206;6
ID:7207;10
ID:7208;9
ID:7209;10
ID:7210;3
ID:7211;1
ID:7212;3
ID:7213;10
ID:7214;4
ID:7215;2
ID:7216;9
ID:7217;5
ID:7218;5
ID:7219;5
ID:7220;2
ID:7221;10
ID:7222;3
ID:7223;3
ID:7224;1
ID:7225;8
ID:7226;4
ID:7227;10
ID:7228;10
ID:7229;5
ID:7230;3
ID:7231;7
ID:7232;5
ID:7233;3
ID:7234;5
ID:7235;3
ID:7236;10
ID:7237;5
ID:7238;7
ID:7239;7
ID:7240;10
ID:7241;2
ID:7242;3
ID:7243;9
ID:7244;8
ID:7245;2
ID:7246;5
ID:7247;1
ID:7248;3
ID:7249;1
ID:7250;8
ID:7251;8
ID:7252;4
ID:7253;9
ID:7254;4
ID:7255;5
ID:7256;1
ID:7257;6
ID:7258;7
ID:7259;8
ID:7260;2
ID:7261;7
ID:7262;10
ID:7263;5
ID:7264;7
ID:7265;7
ID:7266;7
ID:7267;10
ID:7268;5
ID:7269;2
ID:7270;2
ID:7271;5
ID:7272;9
ID:7273;9
ID:7274;6
ID:7275;1
ID:7276;7
ID:7277;5
ID:7278;6
ID:7279;9
ID:7280;3
ID:7281;3
ID:7282;7
ID:7283;9
ID:7284;7
ID:7285;6
ID:7286;3
ID:7287;6
ID:7288;10
ID:7289;1
ID:7290;2
ID:7291;4
ID:7292;8
ID:7293;9
ID:7294;5
ID:7295;3
ID:7296;2
ID:7297;9
ID:7298;2
ID:7299;2
ID:7300;6
ID:7301;6
ID:7302;7
ID:7303;2
ID:7304;9
ID:7305;4
ID:7306;9
ID:7307;6
ID:7308;4
ID:7309;4
ID:7310;8
ID:7311;7
ID:7312;1
ID:7313;8
ID:7314;5
ID:7315;10
ID:7316;1
ID:7317;1
ID:7318;8
ID:7319;1
ID:7320;4
ID:7321;2
ID:7322;1
ID:7323;4
ID:7324;10
ID:7325;8
ID:7326;7
ID:7327;10
ID:7328;4
ID:7329;3
ID:7330;9
ID:7331;8
ID:7332;3
ID:7333;5
ID:7334;4
ID:7335;8
ID:7336;7
ID:7337;6
ID:7338;1
ID:7339;4
ID:7340;7
ID:7341;8
ID:7342;2
ID:7343;6
ID:7344;3
ID:7345;6
ID:7346;4
ID:7347;10
ID:7348;5
ID:7349;6
ID:7350;3
ID:7351;1
ID:7352;2
ID:7353;1
ID:7354;8
ID:7355;5
ID:7356;5
ID:7357;3
ID:7358;2
ID:7359;1
ID:7360;7
ID:7361;10
ID:7362;3
ID:7363;1
ID:7364;5
ID:7365;1
ID:7366;4
ID:7367;7
ID:7368;5
ID:7369;7
ID:7370;3
ID:7371;5
ID:7372;1
ID:7373;5
ID:7374;5
ID:7375;7
ID:7376;10
ID:7377;5
ID:7378;1
ID:7379;4
ID:7380;5
ID:7381;7
ID:7382;6
ID:7383;8
ID:7384;1
ID:7385;9
ID:7386;7
ID:7387;2
ID:7388;7
ID:7389;10
ID:7390;3
ID:7391;4
ID:7392;4
ID:7393;10
ID:7394;7
ID:7395;8
ID:7396;5
ID:7397;1
ID:7398;1
ID:7399;3
ID:7400;3
ID:7401;8
ID:7402;6
ID:7403;8
ID:7404;3
ID:7405;8
ID:7406;10
ID:7407;7
ID:7408;7
ID:7409;1
ID:7410;5
ID:7411;10
ID:7412;2
ID:7413;9
ID:7414;7
ID:7415;10
ID:7416;5
ID:7417;5
ID:7418;1
ID:7419;7
ID:7420;5
ID:7421;2
ID:7422;10
ID:7423;5
ID:7424;5
ID:7425;10
ID:7426;1
ID:7427;1
ID:7428;9
ID:7429;7
ID:7430;2
ID:7431;9
ID:7432;4
ID:7433;9
ID:7434;2
ID:7435;7
ID:7436;2
ID:7437;8
ID:7438;5
ID:7439;3
ID:7440;9
ID:7441;10
ID:7442;6
ID:7443;7
ID:7444;5
ID:7445;3
ID:7446;2
ID:7447;6
ID:7448;4
ID:7449;7
ID:7450;4
ID:7451;1
ID:7452;1
ID:7453;5
ID:7454;9
ID:7455;1
ID:7456;9
ID:7457;1
ID:7458;4
ID:7459;4
ID:7460;8
ID:7461;10
ID:7462;9
ID:7463;1
ID:7464;10
ID:7465;6
ID:7466;7
ID:7467;4
ID:7468;7
ID:7469;10
ID:7470;9
ID:7471;7
ID:7472;1
ID:7473;8
ID:7474;8
ID:7475;5
ID:7476;7
ID:7477;4
ID:7478;10
ID:7479;2
ID:7480;8
ID:7481;5
ID:7482;8
ID:7483;2
ID:7484;4
ID:7485;2
ID:7486;9
ID:7487;10
ID:7488;1
ID:7489;1
ID:7490;9
ID:7491;2
ID:7492;4
ID:7493;1
ID:7494;6
ID:7495;10
ID:7496;2
ID:7497;5
ID:7498;7
ID:7499;10
ID:7500;7
ID:7501;9
ID:7502;9
ID:7503;4
ID:7504;9
ID:7505;7
ID:7506;1
ID:7507;3
ID:7508;7
ID:7509;4
ID:7510;4
ID:7511;6
ID:7512;1
ID:7513;3
ID:7514;7
ID:7515;3
ID:7516;3
ID:7517;7
ID:7518;7
ID:7519;8
ID:7520;8
ID:7521;7
ID:7522;3
ID:7523;6
ID:7524;2
ID:7525;7
ID:7526;3
ID:7527;10
ID:7528;3
ID:7529;9
ID:7530;4
ID:7531;3
ID:7532;7
ID:7533;1
ID:7534;5
ID:7535;10
ID:7536;6
ID:7537;4
ID:7538;4
ID:7539;7
ID:7540;2
ID:7541;6
ID:7542;3
ID:7543;8
ID:7544;8
ID:7545;3
ID:7546;1
ID:7547;2
ID:7548;5
ID:7549;3
ID:7550;8
ID:7551;5
ID:7552;9
ID:7553;10
ID:7554;2
ID:7555;10
ID:7556;6
ID:7557;3
ID:7558;2
ID:7559;2
ID:7560;4
ID:7561;1
ID:7562;10
ID:7563;9
ID:7564;10
ID:7565;2
ID:7566;9
ID:7567;10
ID:7568;8
ID:7569;8
ID:7570;7
ID:7571;9
ID:7572;3
ID:7573;1
ID:7574;7
ID:7575;2
ID:7576;5
ID:7577;6
ID:7578;9
ID:7579;9
ID:7580;7
ID:7581;2
ID:7582;5
ID:7583;1
ID:7584;2
ID:7585;10
ID:7586;4
ID:7587;8
ID:7588;10
ID:7589;5
ID:7590;4
ID:7591;3
ID:7592;2
ID:7593;3
ID:7594;4
ID:7595;1
ID:7596;7
ID:7597;4
ID:7598;9
ID:7599;7
ID:7600;5
ID:7601;2
ID:7602;5
ID:7603;8
ID:7604;6
ID:7605;9
ID:7606;2
ID:7607;8
ID:7608;3
ID:7609;10
ID:7610;6
ID:7611;1
ID:7612;5
ID:7613;3
ID:7614;6
ID:7615;3
ID:7616;7
ID:7617;10
ID:7618;7
ID:7619;10
ID:7620;8
ID:7621;2
ID:7622;1
ID:7623;3
ID:7624;4
ID:7625;5
ID:7626;8
ID:7627;1
ID:7628;8
ID:7629;7
ID:7630;6
ID:7631;1
ID:7632;8
ID:7633;3
ID:7634;5
ID:7635;5
ID:7636;8
ID:7637;8
ID:7638;5
ID:7639;4
ID:7640;8
ID:7641;7
ID:7642;5
ID:7643;10
ID:7644;10
ID:7645;4
ID:7646;9
ID:7647;9
ID:7648;8
ID:7649;1
ID:7650;5
ID:7651;8
ID:7652;8
ID:7653;9
ID:7654;9
ID:7655;3
ID:7656;2
ID:7657;2
ID:7658;5
ID:7659;2
ID:7660;1
ID:7661;2
ID:7662;1
ID:7663;7
ID:7664;5
ID:7665;5
ID:7666;4
ID:7667;3
ID:7668;8
ID:7669;1
ID:7670;5
ID:7671;9
ID:7672;5
ID:7673;4
ID:7674;3
ID:7675;2
ID:7676;8
ID:7677;1
ID:7678;3
ID:7679;1
ID:7680;6
ID:7681;9
ID:7682;4
ID:7683;7
ID:7684;2
ID:7685;9
ID:7686;4
ID:7687;10
ID:7688;4
ID:7689;3
ID:7690;4
ID:7691;6
ID:7692;4
ID:7693;4
ID:7694;3
ID:7695;7
ID:7696;6
ID:7697;9
ID:7698;6
ID:7699;5
ID:7700;1
ID:7701;7
ID:7702;1
ID:7703;7
ID:7704;6
ID:7705;6
ID:7706;3
ID:7707;4
ID:7708;6
ID:7709;8
ID:7710;6
ID:7711;1
ID:7712;9
ID:7713;4
ID:7714;6
ID:7715;3
ID:7716;8
ID:7717;5
ID:7718;5
ID:7719;7
ID:7720;2
ID:7721;4
ID:7722;9
ID:7723;6
ID:7724;7
ID:7725;10
ID:7726;6
ID:7727;1
ID:7728;2
ID:7729;6
ID:7730;6
ID:7731;10
ID:7732;6
ID:7733;9
ID:7734;1
ID:7735;10
ID:7736;8
ID:7737;7
ID:7738;1
ID:7739;7
ID:7740;6
ID:7741;10
ID:7742;4
ID:7743;7
ID:7744;8
ID:7745;3
ID:7746;8
ID:7747;10
ID:7748;8
ID:7749;1
ID:7750;9
ID:7751;2
ID:7752;4
ID:7753;9
ID:7754;4
ID:7755;7
ID:7756;8
ID:7757;6
ID:7758;10
ID:7759;7
ID:7760;10
ID:7761;3
ID:7762;3
ID:7763;1
ID:7764;2
ID:7765;7
ID:7766;6
ID:7767;1
ID:7768;4
ID:7769;6
ID:7770;5
ID:7771;1
ID:7772;4
ID:7773;8
ID:7774;2
ID:7775;2
ID:7776;1
ID:7777;3
ID:7778;9
ID:7779;5
ID:7780;2
ID:7781;7
ID:7782;3
ID:7783;1
ID:7784;7
ID:7785;5
ID:7786;6
ID:7787;7
ID:7788;5
ID:7789;4
ID:7790;2
ID:7791;3
ID:7792;8
ID:7793;4
ID:7794;8
ID:7795;3
ID:7796;8
ID:7797;3
ID:7798;5
ID:7799;1
ID:7800;8
ID:7801;7
ID:7802;6
ID:7803;3
ID:7804;6
ID:7805;9
ID:7806;8
ID:7807;6
ID:7808;8
ID:7809;2
ID:7810;6
ID:7811;6
ID:7812;7
ID:7813;6
ID:7814;5
ID:7815;3
ID:7816;10
ID:7817;2
ID:7818;4
ID:7819;7
ID:7820;1
ID:7821;10
ID:7822;7
ID:7823;10
ID:7824;4
ID:7825;3
ID:7826;4
ID:7827;1
ID:7828;1
ID:7829;9
ID:7830;5
ID:7831;8
ID:7832;8
ID:7833;8
ID:7834;7
ID:7835;6
ID:7836;1
ID:7837;1
ID:7838;6
ID:7839;9
ID:7840;8
ID:7841;1
ID:7842;9
ID:7843;3
ID:7844;9
ID:7845;7
ID:7846;6
ID:7847;3
ID:7848;9
ID:7849;5
ID:7850;4
ID:7851;6
ID:7852;10
ID:7853;8
ID:7854;1
ID:7855;9
ID:7856;1
ID:7857;7
ID:7858;9
ID:7859;4
ID:7860;5
ID:7861;8
ID:7862;5
ID:7863;10
ID:7864;8
ID:7865;9
ID:7866;9
ID:7867;9
ID:7868;9
ID:7869;10
ID:7870;3
ID:7871;9
ID:7872;7
ID:7873;6
ID:7874;10
ID:7875;1
ID:7876;1
ID:7877;4
ID:7878;2
ID:7879;8
ID:7880;7
ID:7881;2
ID:7882;2
ID:7883;7
ID:7884;5
ID:7885;10
ID:7886;9
ID:7887;10
ID:7888;8
ID:7889;9
ID:7890;5
ID:7891;5
ID:7892;3
ID:7893;3
ID:7894;4
ID:7895;10
ID:7896;6
ID:7897;9
ID:7898;6
ID:7899;1
ID:7900;9
ID:7901;7
ID:7902;4
ID:7903;10
ID:7904;2
ID:7905;5
ID:7906;10
ID:7907;5
ID:7908;8
ID:7909;10
ID:7910;8
ID:7911;8
ID:7912;5
ID:7913;1
ID:7914;7
ID:7915;4
ID:7916;6
ID:7917;9
ID:7918;6
ID:7919;9
ID:7920;10
ID:7921;9
ID:7922;2
ID:7923;1
ID:7924;5
ID:7925;9
ID:7926;7
ID:7927;4
ID:7928;2
ID:7929;1
ID:7930;6
ID:7931;3
ID:7932;9
ID:7933;2
ID:7934;10
ID:7935;10
ID:7936;9
ID:7937;3
ID:7938;5
ID:7939;1
ID:7940;10
ID:7941;5
ID:7942;2
ID:7943;9
ID:7944;1
ID:7945;8
ID:7946;10
ID:7947;3
ID:7948;6
ID:7949;10
ID:7950;4
ID:7951;8
ID:7952;4
ID:7953;8
ID:7954;1
ID:7955;10
ID:7956;6
ID:7957;3
ID:7958;5
ID:7959;4
ID:7960;8
ID:7961;6
ID:7962;3
ID:7963;8
ID:7964;5
ID:7965;6
ID:7966;9
ID:7967;4
ID:7968;2
ID:7969;8
ID:7970;6
ID:7971;4
ID:7972;4
ID:7973;5
ID:7974;9
ID:7975;6
ID:7976;7
ID:7977;3
ID:7978;10
ID:7979;8
ID:7980;9
ID:7981;5
ID:7982;8
ID:7983;2
ID:7984;7
ID:7985;9
ID:7986;9
ID:7987;2
ID:7988;1
ID:7989;10
ID:7990;4
ID:7991;6
ID:7992;9
ID:7993;1
ID:7994;3
ID:7995;4
ID:7996;2
ID:7997;4
ID:7998;4
ID:7999;5
ID:8000;9
ID:8001;6
ID:8002;1
ID:8003;9
ID:8004;5
ID:8005;1
ID:8006;4
ID:8007;10
ID:8008;9
ID:8009;5
ID:8010;4
ID:8011;3
ID:8012;3
ID:8013;7
ID:8014;5
ID:8015;4
ID:8016;9
ID:8017;1
ID:8018;2
ID:8019;7
ID:8020;7
ID:8021;8
ID:8022;3
ID:8023;2
ID:8024;4
ID:8025;1
ID:8026;6
ID:8027;3
ID:8028;2
ID:8029;5
ID:8030;5
ID:8031;4
ID:8032;9
ID:8033;5
ID:8034;9
ID:8035;4
ID:8036;4
ID:8037;10
ID:8038;8
ID:8039;7
ID:8040;5
ID:8041;10
ID:8042;3
ID:8043;7
ID:8044;7
ID:8045;1
ID:8046;3
ID:8047;2
ID:8048;7
ID:8049;10
ID:8050;6
ID:8051;1
ID:8052;2
ID:8053;8
ID:8054;9
ID:8055;1
ID:8056;3
ID:8057;10
ID:8058;5
ID:8059;4
ID:8060;5
ID:8061;1
ID:8062;8
ID:8063;5
ID:8064;1
ID:8065;1
ID:8066;4
ID:8067;8
ID:8068;9
ID:8069;2
ID:8070;1
ID:8071;9
ID:8072;4
ID:8073;6
ID:8074;2
ID:8075;8
ID:8076;6
ID:8077;7
ID:8078;6
ID:8079;3
ID:8080;8
ID:8081;5
ID:8082;7
ID:8083;3
ID:8084;9
ID:8085;4
ID:8086;2
ID:8087;2
ID:8088;7
ID:8089;9
ID:8090;1
ID:8091;5
ID:8092;5
ID:8093;4
ID:8094;2
ID:8095;5
ID:8096;3
ID:8097;9
ID:8098;6
ID:8099;6
ID:8100;7
ID:8101;5
ID:8102;4
ID:8103;5
ID:8104;10
ID:8105;8
ID:8106;7
ID:8107;7
ID:8108;7
ID:8109;1
ID:8110;6
ID:8111;6
ID:8112;4
ID:8113;2
ID:8114;6
ID:8115;10
ID:8116;4
ID:8117;5
ID:8118;6
ID:8119;7
ID:8120;10
ID:8121;3
ID:8122;1
ID:8123;10
ID:8124;1
ID:8125;6
ID:8126;4
ID:8127;10
ID:8128;4
ID:8129;8
ID:8130;6
ID:8131;8
ID:8132;2
ID:8133;10
ID:8134;6
ID:8135;4
ID:8136;2
ID:8137;3
ID:8138;4
ID:8139;2
ID:8140;7
ID:8141;5
ID:8142;6
ID:8143;7
ID:8144;3
ID:8145;5
ID:8146;1
ID:8147;3
ID:8148;8
ID:8149;3
ID:8150;1
ID:8151;8
ID:8152;3
ID:8153;10
ID:8154;7
ID:8155;5
ID:8156;4
ID:8157;4
ID:8158;4
ID:8159;4
ID:8160;4
ID:8161;8
ID:8162;3
ID:8163;9
ID:8164;6
ID:8165;9
ID:8166;5
ID:8167;4
ID:8168;6
ID:8169;3
ID:8170;9
ID:8171;2
ID:8172;2
ID:8173;5
ID:8174;10
ID:8175;5
ID:8176;8
ID:8177;5
ID:8178;8
ID:8179;6
ID:8180;6
ID:8181;2
ID:8182;3
ID:8183;2
ID:8184;8
ID:8185;8
ID:8186;5
ID:8187;2
ID:8188;3
ID:8189;2
ID:8190;10
ID:8191;9
ID:8192;9
ID:8193;1
ID:8194;8
ID:8195;10
ID:8196;3
ID:8197;7
ID:8198;2
ID:8199;5
ID:8200;10
ID:8201;8
ID:8202;7
ID:8203;5
ID:8204;4
ID:8205;9
ID:8206;6
ID:8207;8
ID:8208;10
ID:8209;3
ID:8210;7
ID:8211;10
ID:8212;6
ID:8213;8
ID:8214;8
ID:8215;3
ID:8216;5
ID:8217;1
ID:8218;2
ID:8219;8
ID:8220;4
ID:8221;3
ID:8222;1
ID:8223;5
ID:8224;4
ID:8225;10
ID:8226;4
ID:8227;2
ID:8228;7
ID:8229;10
ID:8230;2
ID:8231;1
ID:8232;4
ID:8233;3
ID:8234;7
ID:8235;8
ID:8236;5
ID:8237;8
ID:8238;9
ID:8239;9
ID:8240;3
ID:8241;8
ID:8242;3
ID:8243;1
ID:8244;6
ID:8245;1
ID:8246;3
ID:8247;1
ID:8248;3
ID:8249;6
ID:8250;6
ID:8251;3
ID:8252;6
ID:8253;4
ID:8254;2
ID:8255;7
ID:8256;7
ID:8257;3
ID:8258;2
ID:8259;4
ID:8260;5
ID:8261;5
ID:8262;1
ID:8263;10
ID:8264;2
ID:8265;6
ID:8266;6
ID:8267;4
ID:8268;2
ID:8269;1
ID:8270;8
ID:8271;8
ID:8272;3
ID:8273;3
ID:8274;6
ID:8275;7
ID:8276;1
ID:8277;1
ID:8278;10
ID:8279;3
ID:8280;8
ID:8281;4
ID:8282;9
ID:8283;2
ID:8284;5
ID:8285;10
ID:8286;6
ID:8287;10
ID:8288;2
ID:8289;10
ID:8290;2
ID:8291;2
ID:8292;6
ID:8293;5
ID:8294;5
ID:8295;8
ID:8296;7
ID:8297;3
ID:8298;9
ID:8299;10
ID:8300;5
ID:8301;9
ID:8302;9
ID:8303;3
ID:8304;9
ID:8305;8
ID:8306;1
ID:8307;4
ID:8308;9
ID:8309;5
ID:8310;7
ID:8311;7
ID:8312;4
ID:8313;9
ID:8314;7
ID:8315;2
ID:8316;7
ID:8317;10
ID:8318;6
ID:8319;3
ID:8320;1
ID:8321;6
ID:8322;3
ID:8323;3
ID:8324;9
ID:8325;6
ID:8326;2
ID:8327;9
ID:8328;9
ID:8329;9
ID:8330;1
ID:8331;9
ID:8332;2
ID:8333;10
ID:8334;9
ID:8335;9
ID:8336;6
ID:8337;7
ID:8338;4
ID:8339;8
ID:8340;9
ID:8341;3
ID:8342;2
ID:8343;7
ID:8344;3
ID:8345;6
ID:8346;9
ID:8347;7
ID:8348;8
ID:8349;3
ID:8350;1
ID:8351;7
ID:8352;8
ID:8353;7
ID:8354;9
ID:8355;9
ID:8356;7
ID:8357;6
ID:8358;4
ID:8359;3
ID:8360;6
ID:8361;3
ID:8362;6
ID:8363;1
ID:8364;5
ID:8365;8
ID:8366;5
ID:8367;4
ID:8368;1
ID:8369;8
ID:8370;6
ID:8371;10
ID:8372;7
ID:8373;8
ID:8374;4
ID:8375;9
ID:8376;5
ID:8377;6
ID:8378;10
ID:8379;4
ID:8380;8
ID:8381;5
ID:8382;1
ID:8383;6
ID:8384;8
ID:8385;5
ID:8386;2
ID:8387;6
ID:8388;1
ID:8389;10
ID:8390;3
ID:8391;10
ID:8392;3
ID:8393;1
ID:8394;2
ID:8395;7
ID:8396;7
ID:8397;2
ID:8398;2
ID:8399;6
ID:8400;1
ID:8401;5
ID:8402;6
ID:8403;10
ID:8404;8
ID:8405;1
ID:8406;10
ID:8407;10
ID:8408;4
ID:8409;1
ID:8410;5
ID:8411;1
ID:8412;6
ID:8413;1
ID:8414;5
ID:8415;2
ID:8416;2
ID:8417;1
ID:8418;3
ID:8419;1
ID:8420;7
ID:8421;10
ID:8422;4
ID:8423;2
ID:8424;6
ID:8425;6
ID:8426;8
ID:8427;6
ID:8428;7
ID:8429;7
ID:8430;2
ID:8431;4
ID:8432;5
ID:8433;5
ID:8434;3
ID:8435;4
ID:8436;9
ID:8437;1
ID:8438;9
ID:8439;7
ID:8440;5
ID:8441;2
ID:8442;2
ID:8443;1
ID:8444;6
ID:8445;2
ID:8446;5
ID:8447;3
ID:8448;7
ID:8449;1
ID:8450;6
ID:8451;7
ID:8452;9
ID:8453;2
ID:8454;9
ID:8455;2
ID:8456;2
ID:8457;5
ID:8458;5
ID:8459;2
ID:8460;4
ID:8461;4
ID:8462;3
ID:8463;7
ID:8464;9
ID:8465;1
ID:8466;7
ID:8467;1
ID:8468;9
ID:8469;1
ID:8470;3
ID:8471;2
ID:8472;3
ID:8473;7
ID:8474;7
ID:8475;6
ID:8476;8
ID:8477;3
ID:8478;6
ID:8479;5
ID:8480;2
ID:8481;5
ID:8482;10
ID:8483;7
ID:8484;2
ID:8485;6
ID:8486;5
ID:8487;4
ID:8488;7
ID:8489;1
ID:8490;3
ID:8491;5
ID:8492;7
ID:8493;7
ID:8494;3
ID:8495;1
ID:8496;10
ID:8497;6
ID:8498;2
ID:8499;5
ID:8500;5
ID:8501;4
ID:8502;5
ID:8503;6
ID:8504;9
ID:8505;4
ID:8506;5
ID:8507;3
ID:8508;6
ID:8509;4
ID:8510;5
ID:8511;9
ID:8512;10
ID:8513;10
ID:8514;10
ID:8515;9
ID:8516;5
ID:8517;6
ID:8518;6
ID:8519;4
ID:8520;7
ID:8521;4
ID:8522;5
ID:8523;8
ID:8524;9
ID:8525;8
ID:8526;6
ID:8527;6
ID:8528;4
ID:8529;6
ID:8530;6
ID:8531;2
ID:8532;1
ID:8533;1
ID:8534;10
ID:8535;8
ID:8536;1
ID:8537;4
ID:8538;9
ID:8539;8
ID:8540;1
ID:8541;3
ID:8542;9
ID:8543;4
ID:8544;7
ID:8545;4
ID:8546;5
ID:8547;7
ID:8548;8
ID:8549;4
ID:8550;7
ID:8551;4
ID:8552;1
ID:8553;8
ID:8554;9
ID:8555;2
ID:8556;10
ID:8557;7
ID:8558;7
ID:8559;1
ID:8560;9
ID:8561;10
ID:8562;9
ID:8563;1
ID:8564;8
ID:8565;3
ID:8566;8
ID:8567;9
ID:8568;1
ID:8569;3
ID:8570;9
ID:8571;1
ID:8572;8
ID:8573;8
ID:8574;4
ID:8575;4
ID:8576;6
ID:8577;1
ID:8578;1
ID:8579;5
ID:8580;4
ID:8581;10
ID:8582;8
ID:8583;10
ID:8584;9
ID:8585;3
ID:8586;2
ID:8587;4
ID:8588;3
ID:8589;8
ID:8590;8
ID:8591;4
ID:8592;7
ID:8593;9
ID:8594;10
ID:8595;1
ID:8596;4
ID:8597;9
ID:8598;6
ID:8599;5
ID:8600;7
ID:8601;7
ID:8602;6
ID:8603;6
ID:8604;6
ID:8605;7
ID:8606;7
ID:8607;4
ID:8608;5
ID:8609;5
ID:8610;7
ID:8611;9
ID:8612;7
ID:8613;2
ID:8614;7
ID:8615;9
ID:8616;2
ID:8617;9
ID:8618;2
ID:8619;6
ID:8620;1
ID:8621;5
ID:8622;6
ID:8623;3
ID:8624;5
ID:8625;5
ID:8626;4
ID:8627;9
ID:8628;8
ID:8629;3
ID:8630;10
ID:8631;8
ID:8632;6
ID:8633;7
ID:8634;9
ID:8635;8
ID:8636;4
ID:8637;3
ID:8638;5
ID:8639;2
ID:8640;6
ID:8641;9
ID:8642;9
ID:8643;9
ID:8644;2
ID:8645;10
ID:8646;8
ID:8647;6
ID:8648;2
ID:8649;1
ID:8650;10
ID:8651;6
ID:8652;7
ID:8653;1
ID:8654;4
ID:8655;2
ID:8656;1
ID:8657;4
ID:8658;1
ID:8659;2
ID:8660;3
ID:8661;9
ID:8662;6
ID:8663;3
ID:8664;5
ID:8665;10
ID:8666;4
ID:8667;10
ID:8668;4
ID:8669;10
ID:8670;6
ID:8671;9
ID:8672;5
ID:8673;10
ID:8674;10
ID:8675;3
ID:8676;6
ID:8677;8
ID:8678;2
ID:8679;6
ID:8680;7
ID:8681;9
ID:8682;7
ID:8683;7
ID:8684;4
ID:8685;5
ID:8686;1
ID:8687;5
ID:8688;3
ID:8689;8
ID:8690;8
ID:8691;1
ID:8692;3
ID:8693;3
ID:8694;9
ID:8695;8
ID:8696;3
ID:8697;7
ID:8698;4
ID:8699;2
ID:8700;6
ID:8701;9
ID:8702;2
ID:8703;3
ID:8704;6
ID:8705;1
ID:8706;1
ID:8707;7
ID:8708;2
ID:8709;2
ID:8710;6
ID:8711;3
ID:8712;2
ID:8713;6
ID:8714;5
ID:8715;5
ID:8716;2
ID:8717;9
ID:8718;10
ID:8719;10
ID:8720;9
ID:8721;10
ID:8722;7
ID:8723;6
ID:8724;3
ID:8725;6
ID:8726;7
ID:8727;2
ID:8728;1
ID:8729;2
ID:8730;10
ID:8731;10
ID:8732;4
ID:8733;10
ID:8734;10
ID:8735;9
ID:8736;7
ID:8737;5
ID:8738;2
ID:8739;3
ID:8740;4
ID:8741;5
ID:8742;3
ID:8743;2
ID:8744;2
ID:8745;5
ID:8746;9
ID:8747;7
ID:8748;9
ID:8749;5
ID:8750;7
ID:8751;4
ID:8752;8
ID:8753;4
ID:8754;4
ID:8755;7
ID:8756;2
ID:8757;7
ID:8758;1
ID:8759;1
ID:8760;4
ID:8761;9
ID:8762;6
ID:8763;1
ID:8764;3
ID:8765;6
ID:8766;9
ID:8767;3
ID:8768;6
ID:8769;6
ID:8770;9
ID:8771;8
ID:8772;8
ID:8773;7
ID:8774;6
ID:8775;5
ID:8776;7
ID:8777;6
ID:8778;5
ID:8779;8
ID:8780;7
ID:8781;1
ID:8782;4
ID:8783;7
ID:8784;5
ID:8785;6
ID:8786;3
ID:8787;10
ID:8788;7
ID:8789;4
ID:8790;8
ID:8791;1
ID:8792;5
ID:8793;2
ID:8794;9
ID:8795;6
ID:8796;9
ID:8797;3
ID:8798;10
ID:8799;6
ID:8800;7
ID:8801;7
ID:8802;1
ID:8803;3
ID:8804;7
ID:8805;10
ID:8806;7
ID:8807;1
ID:8808;9
ID:8809;9
ID:8810;10
ID:8811;7
ID:8812;2
ID:8813;3
ID:8814;5
ID:8815;4
ID:8816;6
ID:8817;10
ID:8818;6
ID:8819;7
ID:8820;4
ID:8821;9
ID:8822;6
ID:8823;2
ID:8824;9
ID:8825;8
ID:8826;4
ID:8827;7
ID:8828;8
ID:8829;1
ID:8830;7
ID:8831;5
ID:8832;6
ID:8833;9
ID:8834;1
ID:8835;10
ID:8836;10
ID:8837;2
ID:8838;1
ID:8839;6
ID:8840;10
ID:8841;2
ID:8842;2
ID:8843;8
ID:8844;5
ID:8845;2
ID:8846;9
ID:8847;2
ID:8848;8
ID:8849;6
ID:8850;10
ID:8851;9
ID:8852;8
ID:8853;3
ID:8854;3
ID:8855;9
ID:8856;1
ID:8857;9
ID:8858;4
ID:8859;9
ID:8860;6
ID:8861;1
ID:8862;4
ID:8863;8
ID:8864;3
ID:8865;6
ID:8866;1
ID:8867;4
ID:8868;2
ID:8869;5
ID:8870;5
ID:8871;4
ID:8872;10
ID:8873;10
ID:8874;8
ID:8875;2
ID:8876;7
ID:8877;9
ID:8878;8
ID:8879;8
ID:8880;10
ID:8881;2
ID:8882;9
ID:8883;3
ID:8884;1
ID:8885;8
ID:8886;8
ID:8887;3
ID:8888;7
ID:8889;3
ID:8890;9
ID:8891;1
ID:8892;8
ID:8893;2
ID:8894;10
ID:8895;9
ID:8896;9
ID:8897;5
ID:8898;5
ID:8899;10
ID:8900;1
ID:8901;6
ID:8902;10
ID:8903;3
ID:8904;2
ID:8905;7
ID:8906;10
ID:8907;8
ID:8908;6
ID:8909;1
ID:8910;2
ID:8911;2
ID:8912;2
ID:8913;7
ID:8914;10
ID:8915;5
ID:8916;2
ID:8917;2
ID:8918;7
ID:8919;6
ID:8920;9
ID:8921;8
ID:8922;7
ID:8923;10
ID:8924;6
ID:8925;4
ID:8926;7
ID:8927;8
ID:8928;10
ID:8929;9
ID:8930;4
ID:8931;2
ID:8932;5
ID:8933;9
ID:8934;7
ID:8935;5
ID:8936;3
ID:8937;7
ID:8938;1
ID:8939;5
ID:8940;9
ID:8941;10
ID:8942;8
ID:8943;7
ID:8944;1
ID:8945;7
ID:8946;9
ID:8947;1
ID:8948;3
ID:8949;6
ID:8950;8
ID:8951;8
ID:8952;8
ID:8953;9
ID:8954;1
ID:8955;4
ID:8956;9
ID:8957;1
ID:8958;7
ID:8959;8
ID:8960;10
ID:8961;2
ID:8962;8
ID:8963;8
ID:8964;8
ID:8965;10
ID:8966;8
ID:8967;3
ID:8968;10
ID:8969;5
ID:8970;2
ID:8971;6
ID:8972;1
ID:8973;2
ID:8974;8
ID:8975;9
ID:8976;1
ID:8977;1
ID:8978;9
ID:8979;9
ID:8980;6
ID:8981;7
ID:8982;5
ID:8983;5
ID:8984;2
ID:8985;7
ID:8986;5
ID:8987;6
ID:8988;8
ID:8989;4
ID:8990;6
ID:8991;3
ID:8992;10
ID:8993;4
ID:8994;6
ID:8995;7
ID:8996;2
ID:8997;10
ID:8998;10
ID:8999;1
ID:9000;10
ID:9001;7
ID:9002;1
ID:9003;8
ID:9004;5
ID:9005;2
ID:9006;7
ID:9007;6
ID:9008;2
ID:9009;3
ID:9010;4
ID:9011;9
ID:9012;2
ID:9013;9
ID:9014;3
ID:9015;4
ID:9016;7
ID:9017;4
ID:9018;7
ID:9019;1
ID:9020;6
ID:9021;3
ID:9022;6
ID:9023;7
ID:9024;10
ID:9025;10
ID:9026;7
ID:9027;7
ID:9028;7
ID:9029;1
ID:9030;7
ID:9031;1
ID:9032;2
ID:9033;8
ID:9034;10
ID:9035;9
ID:9036;6
ID:9037;8
ID:9038;1
ID:9039;10
ID:9040;10
ID:9041;9
ID:9042;4
ID:9043;6
ID:9044;10
ID:9045;8
ID:9046;1
ID:9047;2
ID:9048;2
ID:9049;3
ID:9050;10
ID:9051;9
ID:9052;4
ID:9053;9
ID:9054;6
ID:9055;8
ID:9056;1
ID:9057;5
ID:9058;9
ID:9059;5
ID:9060;6
ID:9061;10
ID:9062;10
ID:9063;2
ID:9064;6
ID:9065;4
ID:9066;7
ID:9067;5
ID:9068;9
ID:9069;4
ID:9070;8
ID:9071;10
ID:9072;4
ID:9073;7
ID:9074;2
ID:9075;8
ID:9076;9
ID:9077;1
ID:9078;7
ID:9079;3
ID:9080;9
ID:9081;6
ID:9082;6
ID:9083;5
ID:9084;1
ID:9085;9
ID:9086;7
ID:9087;4
ID:9088;3
ID:9089;3
ID:9090;9
ID:9091;2
ID:9092;10
ID:9093;6
ID:9094;4
ID:9095;10
ID:9096;9
ID:9097;3
ID:9098;10
ID:9099;7
ID:9100;1
ID:9101;7
ID:9102;3
ID:9103;9
ID:9104;5
ID:9105;1
ID:9106;6
ID:9107;7
ID:9108;7
ID:9109;8
ID:9110;9
ID:9111;1
ID:9112;8
ID:9113;6
ID:9114;6
ID:9115;1
ID:9116;5
ID:9117;6
ID:9118;1
ID:9119;8
ID:9120;7
ID:9121;4
ID:9122;2
ID:9123;7
ID:9124;6
ID:9125;7
ID:9126;1
ID:9127;8
ID:9128;4
ID:9129;2
ID:9130;10
ID:9131;6
ID:9132;1
ID:9133;1
ID:9134;3
ID:9135;3
ID:9136;3
ID:9137;8
ID:9138;10
ID:9139;1
ID:9140;4
ID:9141;10
ID:9142;7
ID:9143;6
ID:9144;4
ID:9145;8
ID:9146;5
ID:9147;4
ID:9148;10
ID:9149;3
ID:9150;6
ID:9151;4
ID:9152;3
ID:9153;3
ID:9154;10
ID:9155;7
ID:9156;5
ID:9157;7
ID:9158;4
ID:9159;9
ID:9160;10
ID:9161;8
ID:9162;4
ID:9163;5
ID:9164;8
ID:9165;4
ID:9166;1
ID:9167;7
ID:9168;3
ID:9169;4
ID:9170;9
ID:9171;7
ID:9172;6
ID:9173;10
ID:9174;5
ID:9175;8
ID:9176;7
ID:9177;7
ID:9178;4
ID:9179;8
ID:9180;3
ID:9181;7
ID:9182;9
ID:9183;1
ID:9184;7
ID:9185;7
ID:9186;4
ID:9187;9
ID:9188;1
ID:9189;6
ID:9190;9
ID:9191;7
ID:9192;5
ID:9193;2
ID:9194;1
ID:9195;6
ID:9196;7
ID:9197;3
ID:9198;8
ID:9199;1
ID:9200;8
ID:9201;8
ID:9202;2
ID:9203;7
ID:9204;5
ID:9205;9
ID:9206;8
ID:9207;3
ID:9208;8
ID:9209;3
ID:9210;10
ID:9211;8
ID:9212;4
ID:9213;6
ID:9214;6
ID:9215;4
ID:9216;10
ID:9217;3
ID:9218;9
ID:9219;2
ID:9220;10
ID:9221;3
ID:9222;7
ID:9223;7
ID:9224;6
ID:9225;2
ID:9226;3
ID:9227;5
ID:9228;10
ID:9229;9
ID:9230;1
ID:9231;5
ID:9232;10
ID:9233;3
ID:9234;1
ID:9235;6
ID:9236;6
ID:9237;2
ID:9238;6
ID:9239;9
ID:9240;10
ID:9241;2
ID:9242;1
ID:9243;8
ID:9244;6
ID:9245;1
ID:9246;4
ID:9247;9
ID:9248;7
ID:9249;8
ID:9250;7
ID:9251;4
ID:9252;4
ID:9253;6
ID:9254;1
ID:9255;5
ID:9256;1
ID:9257;5
ID:9258;2
ID:9259;4
ID:9260;6
ID:9261;3
ID:9262;3
ID:9263;10
ID:9264;2
ID:9265;6
ID:9266;8
ID:9267;1
ID:9268;5
ID:9269;1
ID:9270;8
ID:9271;8
ID:9272;8
ID:9273;1
ID:9274;3
ID:9275;9
ID:9276;2
ID:9277;9
ID:9278;2
ID:9279;5
ID:9280;9
ID:9281;4
ID:9282;9
ID:9283;3
ID:9284;2
ID:9285;8
ID:9286;1
ID:9287;5
ID:9288;3
ID:9289;6
ID:9290;5
ID:9291;2
ID:9292;1
ID:9293;3
ID:9294;3
ID:9295;7
ID:9296;9
ID:9297;1
ID:9298;6
ID:9299;1
ID:9300;4
ID:9301;3
ID:9302;5
ID:9303;6
ID:9304;10
ID:9305;10
ID:9306;7
ID:9307;4
ID:9308;4
ID:9309;3
ID:9310;4
ID:9311;2
ID:9312;4
ID:9313;7
ID:9314;5
ID:9315;2
ID:9316;5
ID:9317;1
ID:9318;8
ID:9319;5
ID:9320;5
ID:9321;4
ID:9322;9
ID:9323;10
ID:9324;6
ID:9325;7
ID:9326;7
ID:9327;5
ID:9328;8
ID:9329;7
ID:9330;10
ID:9331;2
ID:9332;3
ID:9333;1
ID:9334;1
ID:9335;6
ID:9336;10
ID:9337;3
ID:9338;4
ID:9339;3
ID:9340;1
ID:9341;8
ID:9342;2
ID:9343;10
ID:9344;3
ID:9345;4
ID:9346;9
ID:9347;4
ID:9348;8
ID:9349;1
ID:9350;2
ID:9351;8
ID:9352;4
ID:9353;2
ID:9354;7
ID:9355;1
ID:9356;5
ID:9357;6
ID:9358;1
ID:9359;3
ID:9360;3
ID:9361;2
ID:9362;7
ID:9363;7
ID:9364;3
ID:9365;2
ID:9366;9
ID:9367;3
ID:9368;7
ID:9369;10
ID:9370;3
ID:9371;3
ID:9372;8
ID:9373;6
ID:9374;4
ID:9375;7
ID:9376;2
ID:9377;9
ID:9378;7
ID:9379;3
ID:9380;9
ID:9381;3
ID:9382;7
ID:9383;8
ID:9384;5
ID:9385;2
ID:9386;8
ID:9387;2
ID:9388;5
ID:9389;1
ID:9390;2
ID:9391;5
ID:9392;2
ID:9393;1
ID:9394;10
ID:9395;10
ID:9396;2
ID:9397;5
ID:9398;7
ID:9399;1
ID:9400;5
ID:9401;6
ID:9402;8
ID:9403;9
ID:9404;9
ID:9405;9
ID:9406;1
ID:9407;9
ID:9408;9
ID:9409;10
ID:9410;9
ID:9411;6
ID:9412;9
ID:9413;9
ID:9414;5
ID:9415;10
ID:9416;5
ID:9417;9
ID:9418;3
ID:9419;2
ID:9420;5
ID:9421;8
ID:9422;9
ID:9423;6
ID:9424;9
ID:9425;8
ID:9426;1
ID:9427;7
ID:9428;6
ID:9429;5
ID:9430;6
ID:9431;8
ID:9432;3
ID:9433;6
ID:9434;8
ID:9435;3
ID:9436;6
ID:9437;9
ID:9438;9
ID:9439;6
ID:9440;2
ID:9441;10
ID:9442;4
ID:9443;5
ID:9444;2
ID:9445;6
ID:9446;6
ID:9447;3
ID:9448;7
ID:9449;10
ID:9450;5
ID:9451;3
ID:9452;3
ID:9453;6
ID:9454;7
ID:9455;8
ID:9456;7
ID:9457;2
ID:9458;10
ID:9459;1
ID:9460;8
ID:9461;5
ID:9462;4
ID:9463;4
ID:9464;4
ID:9465;1
ID:9466;4
ID:9467;4
ID:9468;2
ID:9469;2
ID:9470;5
ID:9471;7
ID:9472;1
ID:9473;7
ID:9474;1
ID:9475;5
ID:9476;4
ID:9477;4
ID:9478;4
ID:9479;3
ID:9480;2
ID:9481;8
ID:9482;1
ID:9483;6
ID:9484;1
ID:9485;4
ID:9486;6
ID:9487;8
ID:9488;10
ID:9489;1
ID:9490;7
ID:9491;4
ID:9492;9
ID:9493;8
ID:9494;9
ID:9495;8
ID:9496;7
ID:9497;10
ID:9498;2
ID:9499;2
ID:9500;3
ID:9501;3
ID:9502;2
ID:9503;6
ID:9504;6
ID:9505;9
ID:9506;3
ID:9507;7
ID:9508;6
ID:9509;2
ID:9510;4
ID:9511;3
ID:9512;8
ID:9513;8
ID:9514;10
ID:9515;10
ID:9516;4
ID:9517;8
ID:9518;4
ID:9519;1
ID:9520;6
ID:9521;6
ID:9522;5
ID:9523;1
ID:9524;6
ID:9525;1
ID:9526;8
ID:9527;3
ID:9528;8
ID:9529;4
ID:9530;9
ID:9531;5
ID:9532;3
ID:9533;3
ID:9534;1
ID:9535;10
ID:9536;7
ID:9537;6
ID:9538;10
ID:9539;2
ID:9540;2
ID:9541;9
ID:9542;2
ID:9543;8
ID:9544;7
ID:9545;4
ID:9546;6
ID:9547;2
ID:9548;9
ID:9549;9
ID:9550;4
ID:9551;9
ID:9552;6
ID:9553;1
ID:9554;6
ID:9555;7
ID:9556;9
ID:9557;2
ID:9558;10
ID:9559;5
ID:9560;1
ID:9561;10
ID:9562;9
ID:9563;2
ID:9564;4
ID:9565;10
ID:9566;10
ID:9567;6
ID:9568;7
ID:9569;10
ID:9570;4
ID:9571;9
ID:9572;8
ID:9573;2
ID:9574;9
ID:9575;7
ID:9576;5
ID:9577;7
ID:9578;4
ID:9579;3
ID:9580;6
ID:9581;6
ID:9582;4
ID:9583;10
ID:9584;10
ID:9585;10
ID:9586;9
ID:9587;3
ID:9588;8
ID:9589;4
ID:9590;2
ID:9591;5
ID:9592;6
ID:9593;6
ID:9594;2
ID:9595;2
ID:9596;1
ID:9597;1
ID:9598;5
ID:9599;8
ID:9600;4
ID:9601;1
ID:9602;5
ID:9603;9
ID:9604;5
ID:9605;5
ID:9606;1
ID:9607;5
ID:9608;2
ID:9609;9
ID:9610;3
ID:9611;2
ID:9612;8
ID:9613;8
ID:9614;10
ID:9615;6
ID:9616;6
ID:9617;9
ID:9618;3
ID:9619;4
ID:9620;2
ID:9621;8
ID:9622;8
ID:9623;3
ID:9624;9
ID:9625;10
ID:9626;3
ID:9627;3
ID:9628;1
ID:9629;8
ID:9630;6
ID:9631;5
ID:9632;3
ID:9633;7
ID:9634;9
ID:9635;5
ID:9636;1
ID:9637;6
ID:9638;6
ID:9639;5
ID:9640;10
ID:9641;4
ID:9642;1
ID:9643;9
ID:9644;2
ID:9645;10
ID:9646;8
ID:9647;8
ID:9648;7
ID:9649;6
ID:9650;7
ID:9651;3
ID:9652;8
ID:9653;2
ID:9654;6
ID:9655;6
ID:9656;4
ID:9657;2
ID:9658;10
ID:9659;6
ID:9660;2
ID:9661;9
ID:9662;4
ID:9663;5
ID:9664;3
ID:9665;9
ID:9666;9
ID:9667;1
ID:9668;10
ID:9669;6
ID:9670;5
ID:9671;1
ID:9672;3
ID:9673;8
ID:9674;5
ID:9675;8
ID:9676;8
ID:9677;10
ID:9678;2
ID:9679;10
ID:9680;2
ID:9681;6
ID:9682;6
ID:9683;6
ID:9684;1
ID:9685;4
ID:9686;7
ID:9687;2
ID:9688;1
ID:9689;4
ID:9690;2
ID:9691;9
ID:9692;6
ID:9693;1
ID:9694;4
ID:9695;1
ID:9696;1
ID:9697;6
ID:9698;6
ID:9699;4
ID:9700;1
ID:9701;7
ID:9702;9
ID:9703;2
ID:9704;2
ID:9705;6
ID:9706;10
ID:9707;1
ID:9708;8
ID:9709;9
ID:9710;9
ID:9711;4
ID:9712;1
ID:9713;1
ID:9714;4
ID:9715;7
ID:9716;3
ID:9717;9
ID:9718;4
ID:9719;10
ID:9720;3
ID:9721;8
ID:9722;10
ID:9723;7
ID:9724;5
ID:9725;6
ID:9726;6
ID:9727;3
ID:9728;5
ID:9729;4
ID:9730;8
ID:9731;3
ID:9732;5
ID:9733;9
ID:9734;9
ID:9735;5
ID:9736;7
ID:9737;5
ID:9738;5
ID:9739;6
ID:9740;5
ID:9741;6
ID:9742;4
ID:9743;3
ID:9744;5
ID:9745;8
ID:9746;9
ID:9747;6
ID:9748;7
ID:9749;7
ID:9750;8
ID:9751;3
ID:9752;2
ID:9753;7
ID:9754;1
ID:9755;3
ID:9756;8
ID:9757;3
ID:9758;7
ID:9759;6
ID:9760;1
ID:9761;7
ID:9762;7
ID:9763;4
ID:9764;2
ID:9765;7
ID:9766;10
ID:9767;3
ID:9768;2
ID:9769;10
ID:9770;10
ID:9771;8
ID:9772;5
ID:9773;9
ID:9774;5
ID:9775;7
ID:9776;4
ID:9777;8
ID:9778;2
ID:9779;7
ID:9780;8
ID:9781;10
ID:9782;6
ID:9783;8
ID:9784;6
ID:9785;5
ID:9786;1
ID:9787;9
ID:9788;8
ID:9789;6
ID:9790;8
ID:9791;5
ID:9792;8
ID:9793;10
ID:9794;5
ID:9795;8
ID:9796;9
ID:9797;1
ID:9798;2
ID:9799;9
ID:9800;9
ID:9801;7
ID:9802;4
ID:9803;8
ID:9804;7
ID:9805;10
ID:9806;9
ID:9807;3
ID:9808;2
ID:9809;4
ID:9810;10
ID:9811;10
ID:9812;2
ID:9813;1
ID:9814;8
ID:9815;1
ID:9816;2
ID:9817;10
ID:9818;8
ID:9819;7
ID:9820;6
ID:9821;2
ID:9822;5
ID:9823;7
ID:9824;2
ID:9825;6
ID:9826;10
ID:9827;6
ID:9828;5
ID:9829;8
ID:9830;9
ID:9831;4
ID:9832;7
ID:9833;3
ID:9834;8
ID:9835;2
ID:9836;7
ID:9837;9
ID:9838;2
ID:9839;7
ID:9840;7
ID:9841;9
ID:9842;7
ID:9843;4
ID:9844;7
ID:9845;8
ID:9846;3
ID:9847;8
ID:9848;2
ID:9849;4
ID:9850;7
ID:9851;10
ID:9852;3
ID:9853;5
ID:9854;4
ID:9855;8
ID:9856;2
ID:9857;8
ID:9858;6
ID:9859;1
ID:9860;1
ID:9861;4
ID:9862;9
ID:9863;5
ID:9864;6
ID:9865;6
ID:9866;4
ID:9867;9
ID:9868;3
ID:9869;6
ID:9870;4
ID:9871;3
ID:9872;8
ID:9873;2
ID:9874;10
ID:9875;8
ID:9876;5
ID:9877;1
ID:9878;10
ID:9879;4
ID:9880;3
ID:9881;3
ID:9882;4
ID:9883;1
ID:9884;1
ID:9885;9
ID:9886;1
ID:9887;2
ID:9888;9
ID:9889;1
ID:9890;10
ID:9891;10
ID:9892;3
ID:9893;1
ID:9894;6
ID:9895;4
ID:9896;10
ID:9897;2
ID:9898;9
ID:9899;1
ID:9900;5
ID:9901;5
ID:9902;5
ID:9903;6
ID:9904;10
ID:9905;4
ID:9906;2
ID:9907;2
ID:9908;5
ID:9909;7
ID:9910;3
ID:9911;2
ID:9912;8
ID:9913;2
ID:9914;8
ID:9915;8
ID:9916;10
ID:9917;9
ID:9918;4
ID:9919;7
ID:9920;6
ID:9921;2
ID:9922;1
ID:9923;3
ID:9924;7
ID:9925;5
ID:9926;1
ID:9927;8
ID:9928;6
ID:9929;7
ID:9930;8
ID:9931;3
ID:9932;3
ID:9933;9
ID:9934;10
ID:9935;9
ID:9936;8
ID:9937;8
ID:9938;1
ID:9939;8
ID:9940;7
ID:9941;9
ID:9942;7
ID:9943;3
ID:9944;9
ID:9945;9
ID:9946;2
ID:9947;2
ID:9948;3
ID:9949;9
ID:9950;4
ID:9951;2
ID:9952;9
ID:9953;2
ID:9954;6
ID:9955;4
ID:9956;5
ID:9957;3
ID:9958;10
ID:9959;6
ID:9960;4
ID:9961;5
ID:9962;6
ID:9963;9
ID:9964;9
ID:9965;10
ID:9966;9
ID:9967;10
ID:9968;3
ID:9969;10
ID:9970;1
ID:9971;3
ID:9972;9
ID:9973;7
ID:9974;10
ID:9975;7
ID:9976;5
ID:9977;8
ID:9978;4
ID:9979;8
ID:9980;3
ID:9981;9
ID:9982;5
ID:9983;8
ID:9984;3
ID:9985;7
ID:9986;5
ID:9987;1
ID:9988;3
ID:9989;6
ID:9990;5
ID:9991;6
ID:9992;8
ID:9993;5
ID:9994;5
ID:9995;3
ID:9996;4
ID:9997;9
ID:9998;4
