ID;SMV;Sex Count
0;4;0
1;3;0
2;1;0
3;10;2
4;5;0
5;5;0
6;4;0
7;8;1
8;3;0
9;3;0
10;9;0
11;7;0
12;8;2
13;4;0
14;8;1
15;3;0
16;10;7
17;9;3
18;1;0
19;6;0
20;2;0
21;10;2
22;4;0
23;6;1
24;10;2
25;9;3
26;6;0
27;2;0
28;10;6
29;5;0
30;2;0
31;6;0
32;3;0
33;5;0
34;9;2
35;6;0
36;8;3
37;10;3
38;3;0
39;8;2
40;3;0
41;7;0
42;6;0
43;4;0
44;9;4
45;9;4
46;1;0
47;8;1
48;4;0
49;3;0
50;5;0
51;3;0
52;4;0
53;7;0
54;2;0
55;4;1
56;9;5
57;5;0
58;1;0
59;7;3
60;10;5
61;2;0
62;9;3
63;8;2
64;1;0
65;3;0
66;4;0
67;4;0
68;6;1
69;3;0
70;6;1
71;1;0
72;6;0
73;4;0
74;4;0
75;6;0
76;5;0
77;1;0
78;8;3
79;1;0
80;8;1
81;8;1
82;8;2
83;8;0
84;10;2
85;10;4
86;3;0
87;7;0
88;4;0
89;6;0
90;7;1
91;3;0
92;9;1
93;7;2
94;9;4
95;1;0
96;9;2
97;8;0
98;3;0
99;6;1
100;5;1
101;8;4
102;3;0
103;1;0
104;8;0
105;4;0
106;7;2
107;10;3
108;4;0
109;6;1
110;10;3
111;8;0
112;8;0
113;1;0
114;9;2
115;2;0
116;5;0
117;1;0
118;9;2
119;2;0
120;1;0
121;8;0
122;10;3
123;1;0
124;6;0
125;3;0
126;3;0
127;10;2
128;6;0
129;3;0
130;7;0
131;7;1
132;9;0
133;2;0
134;6;1
135;1;0
136;6;0
137;7;1
138;10;2
139;6;2
140;4;0
141;3;0
142;3;0
143;8;2
144;6;0
145;10;6
146;6;0
147;9;3
148;8;2
149;7;1
150;6;0
151;8;0
152;10;4
153;2;0
154;6;0
155;8;1
156;8;3
157;3;0
158;6;0
159;5;1
160;2;0
161;8;0
162;5;0
163;1;0
164;10;5
165;4;0
166;10;5
167;7;3
168;5;1
169;9;3
170;7;0
171;8;6
172;2;0
173;3;0
174;9;4
175;8;1
176;6;0
177;3;0
178;5;0
179;7;0
180;8;2
181;5;0
182;2;0
183;9;2
184;7;0
185;10;7
186;7;0
187;8;0
188;7;1
189;9;1
190;3;0
191;4;0
192;2;0
193;6;2
194;5;0
195;6;1
196;9;1
197;2;0
198;9;6
199;3;1
200;1;0
201;10;4
202;5;1
203;10;2
204;1;0
205;8;1
206;7;0
207;8;1
208;4;0
209;8;0
210;3;0
211;6;1
212;8;2
213;9;2
214;8;1
215;8;0
216;6;0
217;6;0
218;4;0
219;10;4
220;7;1
221;2;0
222;1;0
223;6;0
224;7;1
225;4;0
226;7;1
227;6;2
228;8;1
229;3;0
230;10;3
231;4;0
232;4;0
233;3;0
234;7;1
235;9;4
236;10;7
237;3;0
238;9;4
239;9;2
240;3;0
241;9;2
242;4;0
243;9;4
244;6;0
245;7;1
246;6;2
247;3;0
248;8;2
249;8;2
250;1;0
251;3;1
252;8;2
253;9;3
254;6;1
255;9;2
256;9;3
257;9;2
258;3;0
259;7;0
260;2;0
261;1;0
262;1;0
263;2;0
264;8;0
265;10;5
266;2;0
267;6;0
268;3;0
269;10;1
270;8;0
271;4;0
272;8;1
273;5;0
274;7;0
275;8;7
276;8;0
277;2;0
278;10;6
279;10;4
280;8;2
281;4;0
282;9;2
283;1;0
284;2;0
285;8;2
286;6;1
287;6;1
288;7;3
289;8;1
290;10;3
291;2;0
292;1;0
293;2;0
294;8;1
295;3;0
296;9;1
297;3;0
298;1;0
299;7;1
300;5;0
301;1;0
302;1;0
303;8;4
304;10;5
305;8;2
306;5;0
307;3;0
308;2;0
309;8;3
310;1;0
311;8;2
312;9;3
313;3;0
314;10;4
315;9;1
316;3;0
317;10;4
318;10;7
319;1;0
320;4;0
321;7;2
322;9;0
323;6;0
324;1;0
325;6;0
326;4;0
327;7;0
328;8;0
329;5;0
330;10;5
331;6;0
332;2;0
333;4;0
334;6;1
335;7;0
336;4;0
337;1;0
338;1;0
339;5;1
340;3;0
341;3;0
342;5;0
343;9;2
344;8;2
345;3;0
346;4;0
347;8;2
348;2;0
349;9;2
350;1;0
351;9;3
352;4;0
353;1;0
354;4;0
355;9;4
356;2;0
357;6;0
358;8;2
359;5;0
360;5;0
361;9;3
362;6;0
363;7;1
364;9;2
365;6;1
366;6;0
367;6;0
368;8;2
369;3;0
370;6;0
371;3;0
372;10;2
373;6;0
374;8;2
375;1;0
376;3;0
377;1;0
378;9;1
379;9;3
380;3;0
381;6;0
382;5;0
383;9;2
384;5;0
385;1;0
386;2;0
387;1;0
388;10;2
389;7;2
390;6;1
391;9;1
392;3;0
393;7;0
394;1;0
395;5;2
396;8;1
397;8;5
398;1;0
399;2;0
400;7;1
401;9;2
402;10;5
403;9;1
404;4;0
405;8;1
406;10;3
407;9;2
408;3;0
409;3;0
410;7;1
411;2;0
412;8;0
413;10;7
414;3;0
415;9;1
416;5;0
417;7;2
418;3;1
419;9;2
420;4;0
421;5;0
422;6;2
423;2;0
424;8;0
425;8;2
426;10;3
427;4;0
428;5;0
429;4;0
430;4;0
431;5;0
432;1;0
433;7;1
434;3;0
435;4;0
436;6;0
437;6;1
438;5;1
439;7;1
440;1;0
441;4;0
442;9;2
443;8;0
444;10;2
445;5;0
446;1;0
447;4;0
448;4;0
449;2;0
450;1;0
451;1;0
452;5;0
453;2;0
454;9;0
455;2;0
456;4;0
457;9;3
458;2;0
459;7;1
460;9;1
461;7;1
462;4;0
463;9;1
464;10;6
465;2;0
466;1;0
467;1;0
468;8;2
469;9;0
470;4;0
471;9;2
472;2;0
473;6;1
474;8;3
475;10;4
476;7;0
477;9;3
478;2;0
479;4;0
480;7;3
481;6;0
482;10;4
483;4;1
484;4;0
485;3;0
486;1;0
487;9;2
488;9;4
489;1;0
490;1;0
491;7;2
492;5;0
493;9;0
494;9;6
495;5;0
496;1;0
497;10;5
498;8;1
499;8;2
500;4;0
501;1;0
502;7;2
503;6;0
504;9;0
505;2;0
506;10;2
507;10;2
508;5;0
509;9;1
510;5;0
511;6;1
512;7;1
513;8;1
514;1;0
515;3;0
516;7;0
517;10;1
518;6;0
519;7;0
520;2;0
521;3;0
522;3;0
523;7;2
524;9;1
525;7;0
526;4;0
527;4;0
528;8;2
529;3;0
530;10;2
531;7;2
532;1;0
533;5;0
534;1;0
535;6;0
536;10;3
537;5;0
538;6;0
539;2;0
540;4;1
541;2;0
542;4;0
543;10;2
544;7;0
545;6;1
546;1;0
547;8;2
548;8;2
549;6;0
550;9;3
551;1;0
552;5;0
553;2;0
554;6;1
555;1;0
556;8;0
557;1;0
558;8;1
559;3;0
560;8;3
561;6;1
562;2;0
563;2;0
564;9;3
565;9;1
566;5;0
567;3;0
568;7;2
569;5;1
570;3;0
571;3;0
572;5;0
573;4;1
574;4;0
575;1;0
576;9;3
577;3;0
578;10;5
579;3;0
580;6;1
581;7;1
582;6;0
583;3;0
584;5;1
585;9;2
586;3;0
587;9;3
588;9;3
589;10;4
590;9;6
591;10;3
592;8;0
593;3;0
594;4;0
595;8;0
596;10;6
597;2;0
598;2;0
599;8;0
600;1;0
601;9;2
602;1;0
603;4;0
604;3;0
605;6;0
606;6;0
607;1;0
608;9;5
609;5;1
610;2;0
611;5;0
612;1;0
613;5;0
614;7;2
615;2;0
616;10;2
617;10;6
618;8;0
619;10;2
620;7;2
621;7;2
622;4;0
623;8;0
624;7;2
625;4;0
626;6;0
627;2;0
628;10;2
629;6;2
630;1;0
631;7;1
632;2;0
633;3;0
634;2;0
635;8;0
636;7;1
637;3;0
638;10;5
639;9;1
640;3;0
641;2;0
642;1;0
643;5;1
644;9;6
645;4;0
646;9;1
647;3;0
648;7;1
649;3;0
650;8;1
651;1;0
652;5;0
653;2;0
654;2;0
655;5;1
656;5;0
657;4;0
658;7;1
659;9;4
660;1;0
661;4;0
662;1;0
663;4;0
664;4;0
665;5;0
666;4;0
667;9;2
668;3;0
669;9;3
670;5;0
671;8;0
672;10;2
673;9;1
674;7;0
675;5;0
676;6;2
677;10;4
678;9;3
679;3;0
680;5;0
681;3;0
682;6;0
683;7;0
684;8;1
685;1;0
686;3;0
687;1;0
688;1;0
689;8;3
690;3;0
691;4;0
692;6;2
693;1;0
694;9;2
695;9;3
696;1;0
697;8;0
698;1;0
699;4;0
700;1;0
701;1;0
702;10;3
703;8;1
704;9;3
705;1;0
706;1;0
707;7;1
708;5;0
709;8;1
710;10;6
711;6;0
712;5;0
713;5;1
714;5;0
715;9;2
716;9;3
717;5;1
718;7;0
719;4;0
720;3;0
721;4;0
722;8;4
723;6;0
724;6;0
725;2;0
726;2;0
727;10;5
728;1;0
729;8;1
730;4;0
731;9;5
732;10;6
733;6;0
734;3;0
735;5;0
736;3;1
737;9;2
738;9;2
739;7;1
740;1;0
741;6;0
742;6;0
743;4;0
744;9;1
745;7;2
746;9;2
747;2;0
748;7;1
749;10;3
750;1;0
751;7;0
752;1;0
753;7;1
754;1;0
755;8;4
756;3;0
757;4;1
758;2;0
759;7;1
760;9;5
761;2;0
762;7;2
763;7;1
764;4;0
765;1;0
766;7;0
767;9;6
768;3;0
769;10;6
770;6;1
771;1;0
772;6;1
773;10;4
774;4;1
775;7;0
776;8;3
777;5;0
778;8;1
779;10;3
780;3;0
781;1;0
782;3;0
783;1;0
784;8;1
785;8;1
786;8;2
787;3;0
788;6;0
789;6;0
790;2;0
791;9;4
792;7;1
793;2;0
794;8;1
795;9;2
796;10;6
797;10;3
798;1;0
799;8;2
800;1;0
801;1;0
802;10;4
803;7;1
804;5;0
805;1;0
806;1;0
807;2;0
808;4;0
809;4;0
810;10;4
811;9;4
812;7;1
813;3;0
814;4;0
815;9;0
816;9;0
817;6;0
818;10;8
819;6;2
820;4;0
821;5;0
822;4;0
823;7;0
824;9;2
825;7;2
826;4;0
827;4;0
828;3;0
829;5;0
830;8;5
831;9;2
832;4;0
833;1;0
834;9;9
835;3;0
836;2;0
837;6;1
838;7;1
839;7;3
840;7;1
841;7;1
842;10;5
843;2;0
844;6;1
845;3;0
846;3;0
847;5;0
848;8;3
849;10;2
850;10;4
851;4;0
852;10;1
853;5;0
854;5;1
855;7;1
856;7;0
857;3;0
858;9;4
859;8;3
860;7;0
861;7;1
862;9;3
863;9;5
864;7;0
865;2;0
866;5;0
867;7;0
868;4;0
869;2;0
870;8;4
871;4;0
872;10;2
873;3;0
874;9;6
875;7;2
876;5;0
877;2;0
878;2;0
879;6;1
880;5;0
881;10;0
882;6;1
883;3;0
884;5;0
885;4;0
886;9;3
887;10;3
888;6;0
889;3;0
890;6;2
891;10;2
892;8;0
893;9;0
894;1;0
895;10;3
896;8;1
897;1;0
898;6;1
899;5;0
900;9;5
901;7;0
902;1;0
903;7;1
904;3;0
905;7;3
906;4;0
907;8;2
908;6;0
909;8;3
910;2;0
911;6;0
912;1;0
913;4;0
914;4;1
915;8;5
916;2;0
917;6;0
918;4;0
919;3;0
920;3;0
921;6;3
922;1;0
923;1;0
924;6;1
925;9;1
926;6;1
927;2;0
928;3;0
929;10;6
930;10;0
931;4;0
932;7;1
933;8;4
934;7;2
935;9;3
936;10;4
937;9;0
938;1;0
939;8;1
940;1;0
941;2;0
942;4;0
943;9;1
944;2;0
945;1;0
946;9;0
947;4;0
948;6;0
949;3;0
950;9;0
951;2;0
952;8;3
953;4;0
954;2;0
955;3;0
956;7;1
957;10;4
958;2;0
959;5;0
960;2;0
961;3;0
962;5;1
963;7;0
964;9;2
965;8;0
966;9;1
967;4;0
968;7;3
969;6;1
970;9;4
971;3;0
972;6;1
973;6;0
974;2;0
975;2;0
976;3;0
977;2;0
978;10;6
979;5;0
980;10;1
981;2;0
982;6;1
983;10;4
984;1;0
985;9;2
986;7;2
987;4;0
988;7;1
989;5;0
990;2;0
991;10;4
992;8;1
993;7;1
994;7;0
995;9;5
996;7;0
997;7;0
998;1;0
999;5;0
1000;2;0
1001;6;0
1002;8;1
1003;1;0
1004;5;0
1005;7;1
1006;7;0
1007;2;0
1008;2;0
1009;1;0
1010;1;0
1011;5;0
1012;1;0
1013;7;1
1014;5;1
1015;10;1
1016;7;1
1017;6;0
1018;7;0
1019;10;5
1020;1;0
1021;6;1
1022;8;1
1023;3;0
1024;4;0
1025;10;5
1026;5;0
1027;9;1
1028;10;5
1029;4;0
1030;5;0
1031;7;2
1032;2;0
1033;5;0
1034;4;0
1035;5;0
1036;5;1
1037;6;0
1038;6;0
1039;5;0
1040;2;0
1041;5;1
1042;3;0
1043;6;0
1044;4;0
1045;8;0
1046;9;4
1047;1;0
1048;3;0
1049;8;3
1050;2;0
1051;2;0
1052;10;3
1053;1;0
1054;4;0
1055;6;0
1056;8;1
1057;6;0
1058;8;0
1059;6;0
1060;2;0
1061;8;2
1062;3;0
1063;8;1
1064;6;2
1065;5;1
1066;4;0
1067;6;0
1068;4;0
1069;10;6
1070;5;0
1071;2;0
1072;1;0
1073;3;0
1074;9;2
1075;7;4
1076;4;0
1077;2;0
1078;9;2
1079;6;2
1080;1;0
1081;5;0
1082;6;0
1083;2;0
1084;3;0
1085;4;0
1086;7;2
1087;1;0
1088;2;0
1089;8;6
1090;7;1
1091;9;1
1092;9;2
1093;10;6
1094;3;0
1095;4;0
1096;3;0
1097;5;0
1098;1;0
1099;10;6
1100;5;1
1101;3;0
1102;8;2
1103;4;1
1104;3;0
1105;1;0
1106;1;0
1107;8;1
1108;3;0
1109;8;2
1110;3;0
1111;7;0
1112;7;1
1113;2;0
1114;5;0
1115;8;0
1116;3;0
1117;1;0
1118;6;2
1119;2;0
1120;9;2
1121;3;0
1122;4;0
1123;6;0
1124;3;0
1125;7;2
1126;3;0
1127;1;0
1128;1;0
1129;5;0
1130;4;0
1131;9;3
1132;1;0
1133;10;2
1134;1;0
1135;9;4
1136;8;3
1137;3;0
1138;9;5
1139;2;0
1140;3;0
1141;9;1
1142;9;2
1143;5;0
1144;6;2
1145;1;0
1146;3;0
1147;7;1
1148;5;0
1149;5;0
1150;2;0
1151;2;0
1152;10;4
1153;10;8
1154;1;0
1155;3;0
1156;9;3
1157;2;0
1158;1;0
1159;7;3
1160;8;3
1161;1;0
1162;8;2
1163;8;0
1164;4;0
1165;4;1
1166;6;0
1167;8;3
1168;1;0
1169;7;1
1170;1;0
1171;10;5
1172;3;0
1173;4;0
1174;9;4
1175;10;3
1176;4;0
1177;10;7
1178;1;0
1179;3;0
1180;5;0
1181;7;0
1182;7;0
1183;6;1
1184;3;0
1185;2;0
1186;10;7
1187;2;0
1188;10;3
1189;9;1
1190;10;5
1191;6;0
1192;3;0
1193;3;0
1194;4;0
1195;3;0
1196;1;0
1197;1;0
1198;1;0
1199;3;0
1200;5;1
1201;6;0
1202;6;2
1203;8;0
1204;5;1
1205;2;0
1206;10;4
1207;6;1
1208;1;0
1209;1;0
1210;9;1
1211;10;5
1212;1;0
1213;9;2
1214;3;0
1215;2;0
1216;5;0
1217;3;0
1218;5;0
1219;2;0
1220;4;0
1221;5;1
1222;8;3
1223;3;0
1224;8;2
1225;5;1
1226;8;0
1227;10;4
1228;10;9
1229;6;0
1230;10;6
1231;3;0
1232;9;6
1233;9;6
1234;8;2
1235;10;1
1236;1;0
1237;9;4
1238;2;0
1239;2;0
1240;3;0
1241;4;0
1242;1;0
1243;9;3
1244;10;4
1245;1;0
1246;6;0
1247;4;0
1248;10;2
1249;2;0
1250;9;3
1251;9;2
1252;7;1
1253;10;6
1254;9;1
1255;10;2
1256;8;1
1257;4;0
1258;1;0
1259;10;6
1260;5;0
1261;10;1
1262;6;0
1263;6;0
1264;2;0
1265;7;0
1266;2;0
1267;3;0
1268;1;0
1269;4;0
1270;2;0
1271;7;2
1272;2;0
1273;4;0
1274;10;3
1275;1;0
1276;5;0
1277;10;7
1278;4;0
1279;8;2
1280;10;2
1281;4;0
1282;1;0
1283;9;4
1284;7;1
1285;1;0
1286;7;1
1287;10;3
1288;10;3
1289;8;4
1290;2;0
1291;7;0
1292;8;3
1293;2;0
1294;7;0
1295;4;0
1296;8;1
1297;5;0
1298;7;0
1299;3;0
1300;10;8
1301;3;0
1302;4;0
1303;7;1
1304;1;0
1305;3;0
1306;8;0
1307;3;0
1308;1;0
1309;9;4
1310;6;1
1311;8;2
1312;1;0
1313;4;0
1314;10;4
1315;1;0
1316;10;4
1317;8;1
1318;9;2
1319;1;0
1320;10;2
1321;2;0
1322;3;0
1323;4;0
1324;2;0
1325;5;1
1326;9;3
1327;10;3
1328;8;1
1329;6;1
1330;3;0
1331;10;6
1332;3;0
1333;1;0
1334;9;3
1335;8;1
1336;1;0
1337;5;0
1338;9;3
1339;5;0
1340;4;0
1341;5;0
1342;9;4
1343;2;0
1344;3;0
1345;5;0
1346;7;1
1347;4;0
1348;3;0
1349;6;0
1350;5;0
1351;1;0
1352;7;0
1353;7;1
1354;4;0
1355;8;0
1356;1;0
1357;10;7
1358;5;1
1359;6;0
1360;5;0
1361;9;1
1362;6;0
1363;5;0
1364;7;5
1365;7;1
1366;5;0
1367;1;0
1368;6;2
1369;3;0
1370;1;0
1371;6;0
1372;10;4
1373;5;0
1374;7;1
1375;6;2
1376;4;0
1377;2;0
1378;2;0
1379;7;1
1380;9;3
1381;5;0
1382;7;1
1383;2;0
1384;2;0
1385;3;0
1386;3;0
1387;7;1
1388;8;2
1389;1;0
1390;8;2
1391;1;0
1392;10;3
1393;3;0
1394;1;0
1395;6;0
1396;9;1
1397;5;1
1398;6;0
1399;6;1
1400;10;1
1401;7;1
1402;9;0
1403;10;4
1404;6;0
1405;9;3
1406;1;0
1407;3;0
1408;10;1
1409;8;2
1410;5;1
1411;9;4
1412;9;3
1413;8;1
1414;7;0
1415;10;5
1416;2;0
1417;4;0
1418;3;0
1419;5;0
1420;4;0
1421;9;3
1422;4;0
1423;5;0
1424;6;1
1425;10;4
1426;6;1
1427;7;3
1428;4;0
1429;2;0
1430;8;0
1431;9;4
1432;6;1
1433;6;0
1434;8;0
1435;3;0
1436;7;2
1437;7;0
1438;7;3
1439;4;0
1440;2;0
1441;1;0
1442;7;0
1443;10;4
1444;7;1
1445;9;3
1446;3;0
1447;2;0
1448;7;1
1449;2;0
1450;5;1
1451;5;0
1452;3;0
1453;2;0
1454;3;0
1455;2;0
1456;4;0
1457;4;0
1458;5;0
1459;6;0
1460;3;0
1461;5;0
1462;9;1
1463;9;2
1464;10;5
1465;6;0
1466;4;0
1467;4;0
1468;1;0
1469;5;0
1470;3;0
1471;5;0
1472;8;1
1473;9;4
1474;3;0
1475;3;0
1476;2;0
1477;4;0
1478;8;1
1479;8;2
1480;8;1
1481;5;1
1482;1;0
1483;3;0
1484;7;0
1485;3;0
1486;6;1
1487;5;0
1488;3;0
1489;6;0
1490;9;2
1491;3;0
1492;3;0
1493;1;0
1494;1;0
1495;8;0
1496;3;0
1497;9;2
1498;1;0
1499;1;0
1500;6;0
1501;10;2
1502;1;0
1503;2;0
1504;9;4
1505;10;9
1506;8;3
1507;4;0
1508;9;3
1509;1;0
1510;10;2
1511;10;4
1512;6;2
1513;8;4
1514;9;3
1515;9;2
1516;4;0
1517;6;3
1518;2;0
1519;8;2
1520;1;0
1521;9;2
1522;1;0
1523;6;0
1524;7;1
1525;10;3
1526;3;0
1527;7;1
1528;9;0
1529;6;0
1530;1;0
1531;4;0
1532;4;1
1533;7;0
1534;2;0
1535;8;0
1536;4;0
1537;10;9
1538;5;0
1539;8;0
1540;6;2
1541;2;0
1542;6;0
1543;3;0
1544;6;0
1545;9;1
1546;7;2
1547;5;1
1548;3;0
1549;2;0
1550;4;0
1551;7;2
1552;8;2
1553;3;0
1554;1;0
1555;7;2
1556;9;2
1557;6;0
1558;6;2
1559;9;2
1560;8;1
1561;1;0
1562;5;1
1563;4;0
1564;10;3
1565;7;0
1566;7;2
1567;10;2
1568;6;0
1569;1;0
1570;5;0
1571;5;0
1572;2;0
1573;5;1
1574;3;0
1575;9;6
1576;3;0
1577;9;4
1578;10;2
1579;8;2
1580;4;0
1581;9;1
1582;4;0
1583;8;2
1584;2;0
1585;5;0
1586;7;2
1587;1;0
1588;7;0
1589;6;0
1590;10;4
1591;8;1
1592;5;0
1593;7;0
1594;10;1
1595;5;0
1596;7;0
1597;3;0
1598;3;0
1599;9;4
1600;3;0
1601;8;3
1602;9;0
1603;3;0
1604;7;2
1605;10;5
1606;6;0
1607;3;0
1608;1;0
1609;2;0
1610;5;1
1611;1;0
1612;7;0
1613;8;1
1614;6;0
1615;10;1
1616;7;2
1617;8;2
1618;2;0
1619;6;0
1620;1;0
1621;7;0
1622;3;0
1623;1;0
1624;2;0
1625;8;2
1626;10;2
1627;6;0
1628;5;2
1629;9;5
1630;2;0
1631;1;0
1632;6;1
1633;1;0
1634;5;0
1635;6;1
1636;10;5
1637;2;0
1638;1;0
1639;3;0
1640;9;1
1641;4;0
1642;1;0
1643;6;0
1644;2;0
1645;9;1
1646;2;0
1647;7;0
1648;1;0
1649;1;0
1650;8;3
1651;10;1
1652;2;0
1653;8;1
1654;9;5
1655;7;0
1656;6;0
1657;8;2
1658;2;0
1659;10;3
1660;10;5
1661;1;0
1662;9;5
1663;3;0
1664;10;3
1665;4;0
1666;6;0
1667;6;0
1668;4;0
1669;10;3
1670;10;2
1671;6;1
1672;8;0
1673;10;9
1674;7;0
1675;8;1
1676;6;1
1677;8;2
1678;10;3
1679;3;0
1680;6;0
1681;4;0
1682;5;0
1683;4;0
1684;1;0
1685;3;0
1686;10;2
1687;9;3
1688;3;0
1689;9;1
1690;1;0
1691;3;0
1692;10;2
1693;2;0
1694;3;0
1695;9;3
1696;6;0
1697;9;2
1698;6;0
1699;8;1
1700;4;0
1701;7;1
1702;4;0
1703;2;0
1704;2;0
1705;2;0
1706;2;0
1707;3;0
1708;1;0
1709;2;0
1710;1;0
1711;9;6
1712;8;1
1713;9;4
1714;5;0
1715;7;2
1716;7;2
1717;5;0
1718;2;0
1719;7;1
1720;5;1
1721;7;0
1722;4;0
1723;5;0
1724;10;4
1725;8;1
1726;6;1
1727;7;0
1728;7;2
1729;9;3
1730;2;0
1731;7;2
1732;2;0
1733;3;0
1734;10;5
1735;10;4
1736;1;0
1737;3;0
1738;3;0
1739;9;3
1740;1;0
1741;7;0
1742;8;2
1743;2;0
1744;8;3
1745;3;0
1746;5;0
1747;2;0
1748;7;1
1749;7;3
1750;3;0
1751;2;0
1752;7;0
1753;9;3
1754;3;0
1755;7;0
1756;3;0
1757;10;4
1758;2;0
1759;4;0
1760;7;1
1761;6;0
1762;6;0
1763;3;0
1764;10;9
1765;4;2
1766;7;1
1767;5;0
1768;10;4
1769;5;0
1770;7;0
1771;4;1
1772;2;0
1773;3;0
1774;6;1
1775;8;3
1776;10;2
1777;2;0
1778;7;0
1779;8;2
1780;3;0
1781;5;0
1782;10;4
1783;10;2
1784;7;1
1785;1;0
1786;10;2
1787;3;0
1788;1;0
1789;3;0
1790;7;1
1791;2;0
1792;1;0
1793;9;4
1794;3;0
1795;6;0
1796;2;0
1797;6;1
1798;3;0
1799;5;0
1800;6;0
1801;10;3
1802;2;0
1803;3;0
1804;1;0
1805;10;3
1806;10;0
1807;5;0
1808;4;0
1809;5;0
1810;8;1
1811;1;0
1812;3;0
1813;5;0
1814;2;0
1815;2;0
1816;7;0
1817;7;0
1818;7;2
1819;9;1
1820;4;0
1821;4;0
1822;5;0
1823;7;1
1824;9;0
1825;5;0
1826;3;0
1827;3;0
1828;1;0
1829;1;0
1830;7;0
1831;4;0
1832;10;8
1833;3;0
1834;2;0
1835;3;0
1836;3;0
1837;7;0
1838;10;0
1839;7;0
1840;1;0
1841;6;0
1842;10;10
1843;7;1
1844;6;3
1845;6;2
1846;9;2
1847;7;1
1848;8;3
1849;1;0
1850;9;3
1851;5;0
1852;10;6
1853;4;0
1854;1;0
1855;2;0
1856;6;0
1857;6;1
1858;5;0
1859;6;0
1860;7;0
1861;8;1
1862;4;0
1863;3;0
1864;8;2
1865;4;1
1866;1;0
1867;1;0
1868;3;0
1869;9;1
1870;10;4
1871;10;4
1872;8;1
1873;10;3
1874;8;1
1875;9;5
1876;4;0
1877;9;3
1878;1;0
1879;3;0
1880;7;2
1881;7;1
1882;5;0
1883;1;0
1884;2;0
1885;2;0
1886;5;0
1887;7;0
1888;2;0
1889;10;4
1890;8;3
1891;7;0
1892;3;0
1893;4;0
1894;1;0
1895;4;0
1896;3;0
1897;8;0
1898;9;1
1899;3;0
1900;5;0
1901;8;2
1902;4;0
1903;9;7
1904;1;0
1905;10;6
1906;8;5
1907;1;0
1908;6;1
1909;3;0
1910;9;3
1911;8;3
1912;5;0
1913;2;0
1914;10;2
1915;1;0
1916;3;0
1917;4;0
1918;1;0
1919;6;0
1920;9;3
1921;5;0
1922;9;5
1923;3;0
1924;2;0
1925;3;0
1926;7;0
1927;4;0
1928;10;4
1929;5;0
1930;6;2
1931;7;0
1932;10;4
1933;9;4
1934;8;1
1935;9;3
1936;3;0
1937;6;0
1938;10;3
1939;3;0
1940;5;0
1941;5;0
1942;1;0
1943;10;4
1944;2;0
1945;10;3
1946;2;0
1947;1;0
1948;4;0
1949;10;2
1950;1;0
1951;9;4
1952;7;0
1953;3;0
1954;4;0
1955;1;0
1956;10;5
1957;1;0
1958;8;3
1959;8;0
1960;3;0
1961;4;0
1962;2;0
1963;2;0
1964;7;0
1965;2;0
1966;9;4
1967;7;1
1968;5;0
1969;1;0
1970;9;3
1971;7;1
1972;5;0
1973;9;1
1974;2;0
1975;5;0
1976;5;0
1977;10;3
1978;2;0
1979;3;0
1980;2;0
1981;6;0
1982;10;2
1983;10;5
1984;4;0
1985;8;1
1986;10;3
1987;7;2
1988;5;0
1989;8;2
1990;10;4
1991;2;0
1992;9;5
1993;2;0
1994;1;0
1995;1;0
1996;4;0
1997;9;2
1998;4;0
1999;10;5
2000;2;0
2001;5;0
2002;7;0
2003;3;0
2004;2;0
2005;4;0
2006;5;0
2007;9;2
2008;2;0
2009;10;6
2010;6;0
2011;1;0
2012;10;3
2013;6;0
2014;7;0
2015;7;0
2016;4;0
2017;2;0
2018;8;0
2019;10;3
2020;3;0
2021;2;0
2022;3;1
2023;8;2
2024;2;0
2025;7;1
2026;9;0
2027;3;0
2028;8;2
2029;2;0
2030;1;0
2031;6;0
2032;6;0
2033;2;0
2034;1;0
2035;7;1
2036;10;4
2037;8;0
2038;9;2
2039;1;0
2040;3;0
2041;2;0
2042;6;0
2043;6;0
2044;2;0
2045;9;1
2046;3;0
2047;4;0
2048;5;0
2049;4;0
2050;7;1
2051;2;0
2052;1;0
2053;4;0
2054;8;3
2055;1;0
2056;3;0
2057;9;5
2058;2;0
2059;5;1
2060;6;0
2061;2;0
2062;1;0
2063;10;4
2064;9;2
2065;10;5
2066;5;0
2067;8;2
2068;5;0
2069;1;0
2070;7;1
2071;7;0
2072;4;0
2073;8;1
2074;7;3
2075;2;0
2076;7;1
2077;8;1
2078;6;1
2079;4;0
2080;4;0
2081;6;1
2082;8;0
2083;5;0
2084;6;0
2085;10;0
2086;5;0
2087;2;0
2088;5;0
2089;1;0
2090;5;1
2091;2;0
2092;6;1
2093;4;0
2094;6;0
2095;1;0
2096;1;0
2097;6;2
2098;7;1
2099;3;0
2100;5;0
2101;6;0
2102;9;3
2103;5;0
2104;7;0
2105;10;4
2106;9;1
2107;4;0
2108;8;0
2109;7;1
2110;4;0
2111;5;0
2112;3;0
2113;9;4
2114;2;0
2115;10;7
2116;5;0
2117;7;2
2118;5;0
2119;10;3
2120;5;0
2121;3;0
2122;3;0
2123;4;0
2124;7;1
2125;6;1
2126;1;0
2127;10;1
2128;3;0
2129;6;3
2130;1;0
2131;1;0
2132;1;0
2133;4;0
2134;9;1
2135;8;1
2136;7;3
2137;3;0
2138;8;0
2139;6;1
2140;1;0
2141;2;0
2142;5;0
2143;9;3
2144;7;2
2145;10;4
2146;9;0
2147;8;1
2148;2;0
2149;6;2
2150;7;0
2151;4;0
2152;1;0
2153;8;4
2154;8;3
2155;2;0
2156;3;0
2157;6;2
2158;9;5
2159;2;0
2160;9;2
2161;10;8
2162;1;0
2163;2;0
2164;6;1
2165;3;0
2166;4;0
2167;10;6
2168;10;3
2169;5;0
2170;4;0
2171;2;0
2172;10;2
2173;10;4
2174;10;2
2175;3;0
2176;9;3
2177;5;1
2178;7;3
2179;7;2
2180;8;1
2181;4;0
2182;8;1
2183;8;1
2184;10;3
2185;8;2
2186;1;0
2187;4;0
2188;7;3
2189;8;2
2190;5;0
2191;2;0
2192;5;0
2193;6;0
2194;8;1
2195;1;0
2196;1;0
2197;4;0
2198;3;0
2199;4;0
2200;6;1
2201;10;4
2202;9;3
2203;8;2
2204;2;0
2205;5;0
2206;4;0
2207;2;0
2208;9;2
2209;5;0
2210;4;1
2211;9;4
2212;9;2
2213;2;0
2214;5;0
2215;6;0
2216;2;0
2217;4;0
2218;2;0
2219;9;1
2220;3;0
2221;1;0
2222;3;0
2223;3;0
2224;10;5
2225;3;0
2226;7;1
2227;4;0
2228;3;0
2229;9;2
2230;3;0
2231;5;0
2232;3;0
2233;3;0
2234;2;0
2235;8;3
2236;5;0
2237;1;0
2238;6;0
2239;5;0
2240;4;0
2241;10;6
2242;6;0
2243;2;0
2244;4;0
2245;7;2
2246;4;0
2247;4;0
2248;2;0
2249;2;0
2250;10;3
2251;7;0
2252;2;0
2253;4;0
2254;2;0
2255;6;0
2256;7;1
2257;7;1
2258;9;5
2259;10;4
2260;9;4
2261;10;7
2262;9;8
2263;1;0
2264;3;0
2265;9;1
2266;6;0
2267;6;0
2268;10;2
2269;7;0
2270;1;0
2271;2;0
2272;9;4
2273;7;2
2274;6;1
2275;3;0
2276;6;1
2277;2;0
2278;9;3
2279;4;0
2280;9;0
2281;4;0
2282;3;0
2283;1;0
2284;9;6
2285;6;0
2286;4;0
2287;9;3
2288;2;0
2289;7;1
2290;2;0
2291;9;1
2292;2;0
2293;6;0
2294;7;3
2295;4;0
2296;1;0
2297;6;1
2298;10;4
2299;5;0
2300;1;0
2301;9;3
2302;4;0
2303;6;3
2304;2;0
2305;9;3
2306;9;3
2307;5;1
2308;9;3
2309;10;2
2310;10;4
2311;6;0
2312;8;1
2313;6;1
2314;1;0
2315;5;1
2316;8;0
2317;9;3
2318;2;0
2319;7;2
2320;5;0
2321;7;1
2322;4;0
2323;4;0
2324;6;2
2325;2;0
2326;10;3
2327;3;0
2328;1;0
2329;2;0
2330;2;0
2331;1;0
2332;2;0
2333;4;0
2334;3;0
2335;1;0
2336;10;6
2337;7;1
2338;9;2
2339;1;0
2340;7;0
2341;10;3
2342;1;0
2343;3;0
2344;7;0
2345;7;1
2346;2;0
2347;7;0
2348;5;0
2349;2;0
2350;6;0
2351;3;0
2352;4;0
2353;3;0
2354;10;5
2355;4;0
2356;5;1
2357;1;0
2358;1;0
2359;10;3
2360;9;1
2361;7;2
2362;4;1
2363;7;0
2364;8;3
2365;10;6
2366;4;1
2367;4;0
2368;3;0
2369;1;0
2370;6;0
2371;1;0
2372;10;2
2373;1;0
2374;1;0
2375;6;0
2376;7;2
2377;2;0
2378;7;1
2379;9;3
2380;1;0
2381;4;0
2382;8;3
2383;9;4
2384;6;0
2385;10;2
2386;7;1
2387;10;2
2388;4;0
2389;9;0
2390;7;0
2391;10;2
2392;7;3
2393;10;3
2394;3;0
2395;1;0
2396;6;1
2397;4;0
2398;6;0
2399;8;0
2400;3;0
2401;8;1
2402;4;0
2403;5;0
2404;7;1
2405;6;1
2406;3;0
2407;4;0
2408;3;0
2409;5;0
2410;7;1
2411;3;0
2412;4;0
2413;2;0
2414;10;4
2415;6;0
2416;9;3
2417;6;1
2418;1;0
2419;8;2
2420;3;0
2421;4;0
2422;10;2
2423;5;0
2424;4;0
2425;6;0
2426;4;0
2427;1;0
2428;9;2
2429;10;8
2430;1;0
2431;4;0
2432;7;0
2433;9;4
2434;7;2
2435;3;0
2436;10;3
2437;3;0
2438;2;0
2439;1;0
2440;7;2
2441;4;1
2442;8;3
2443;10;5
2444;2;0
2445;5;0
2446;6;0
2447;6;1
2448;10;3
2449;8;0
2450;3;0
2451;10;2
2452;3;0
2453;8;0
2454;5;0
2455;9;2
2456;9;1
2457;10;5
2458;2;0
2459;2;0
2460;2;0
2461;3;0
2462;5;2
2463;3;0
2464;5;0
2465;4;0
2466;6;2
2467;5;0
2468;5;0
2469;7;1
2470;6;1
2471;6;0
2472;4;0
2473;1;0
2474;2;0
2475;10;3
2476;7;3
2477;10;3
2478;3;0
2479;10;3
2480;1;0
2481;9;0
2482;1;0
2483;1;0
2484;8;1
2485;1;0
2486;1;0
2487;10;2
2488;5;0
2489;8;1
2490;5;0
2491;1;0
2492;2;0
2493;1;0
2494;10;3
2495;5;0
2496;9;3
2497;5;0
2498;6;0
2499;9;2
2500;9;1
2501;1;0
2502;1;0
2503;4;1
2504;2;0
2505;7;1
2506;7;1
2507;3;0
2508;7;1
2509;6;2
2510;2;0
2511;9;1
2512;8;0
2513;3;0
2514;1;0
2515;4;1
2516;2;0
2517;4;0
2518;6;2
2519;4;0
2520;4;1
2521;7;0
2522;1;0
2523;8;1
2524;3;0
2525;6;0
2526;4;0
2527;3;0
2528;2;0
2529;8;2
2530;1;0
2531;3;0
2532;5;0
2533;5;0
2534;1;0
2535;10;1
2536;8;3
2537;8;2
2538;10;4
2539;1;0
2540;4;0
2541;9;0
2542;4;0
2543;9;3
2544;6;0
2545;7;0
2546;3;0
2547;10;4
2548;10;4
2549;7;2
2550;3;0
2551;5;0
2552;10;5
2553;2;0
2554;6;0
2555;3;0
2556;10;6
2557;3;0
2558;2;0
2559;7;2
2560;4;0
2561;4;0
2562;2;0
2563;10;6
2564;6;0
2565;10;3
2566;4;0
2567;4;0
2568;2;0
2569;2;0
2570;6;0
2571;5;1
2572;5;0
2573;5;1
2574;10;1
2575;5;0
2576;3;0
2577;3;0
2578;3;0
2579;7;1
2580;3;0
2581;5;0
2582;4;0
2583;5;1
2584;6;0
2585;6;0
2586;3;0
2587;3;0
2588;9;3
2589;8;3
2590;10;3
2591;5;1
2592;7;0
2593;3;0
2594;8;1
2595;1;0
2596;8;2
2597;5;0
2598;4;0
2599;6;1
2600;3;0
2601;10;4
2602;8;2
2603;9;3
2604;2;0
2605;8;1
2606;1;0
2607;6;0
2608;2;0
2609;1;0
2610;10;3
2611;8;4
2612;1;0
2613;5;0
2614;5;0
2615;10;4
2616;1;0
2617;7;0
2618;4;0
2619;1;0
2620;7;2
2621;2;0
2622;5;1
2623;5;0
2624;2;0
2625;1;0
2626;9;2
2627;3;0
2628;7;2
2629;10;3
2630;8;3
2631;9;4
2632;10;5
2633;7;1
2634;4;0
2635;4;0
2636;7;0
2637;5;0
2638;4;1
2639;8;1
2640;6;1
2641;8;1
2642;2;0
2643;9;4
2644;8;0
2645;3;0
2646;4;0
2647;2;0
2648;9;1
2649;9;2
2650;1;0
2651;1;0
2652;1;0
2653;4;0
2654;9;2
2655;2;0
2656;5;0
2657;4;0
2658;8;5
2659;1;0
2660;10;4
2661;8;0
2662;9;1
2663;3;0
2664;3;0
2665;2;0
2666;9;0
2667;5;0
2668;2;0
2669;1;0
2670;3;0
2671;6;0
2672;3;0
2673;7;1
2674;5;0
2675;10;5
2676;10;5
2677;7;0
2678;7;1
2679;9;3
2680;7;1
2681;7;1
2682;5;0
2683;9;4
2684;9;2
2685;8;0
2686;9;2
2687;7;0
2688;8;1
2689;3;0
2690;9;0
2691;3;0
2692;8;2
2693;3;0
2694;8;2
2695;8;2
2696;10;0
2697;9;1
2698;6;1
2699;7;1
2700;5;1
2701;10;3
2702;1;0
2703;8;1
2704;6;1
2705;5;0
2706;8;1
2707;4;0
2708;9;4
2709;10;2
2710;2;0
2711;9;3
2712;8;2
2713;9;3
2714;5;0
2715;3;0
2716;4;0
2717;10;3
2718;4;0
2719;6;0
2720;4;0
2721;3;0
2722;8;3
2723;9;3
2724;3;0
2725;10;6
2726;9;3
2727;10;7
2728;9;3
2729;8;3
2730;10;3
2731;2;0
2732;1;0
2733;10;6
2734;5;0
2735;8;3
2736;7;1
2737;7;1
2738;3;0
2739;4;0
2740;10;0
2741;5;0
2742;8;0
2743;9;2
2744;2;0
2745;10;3
2746;6;1
2747;9;4
2748;9;2
2749;6;0
2750;5;0
2751;10;2
2752;6;0
2753;10;0
2754;4;0
2755;3;0
2756;2;0
2757;2;0
2758;6;0
2759;7;2
2760;7;1
2761;8;1
2762;6;0
2763;2;0
2764;10;3
2765;10;6
2766;9;3
2767;8;1
2768;4;0
2769;8;2
2770;7;1
2771;7;0
2772;8;5
2773;10;4
2774;7;0
2775;9;2
2776;5;0
2777;10;3
2778;7;0
2779;3;0
2780;5;0
2781;1;0
2782;2;0
2783;4;0
2784;4;0
2785;10;6
2786;7;1
2787;1;0
2788;7;2
2789;3;0
2790;6;0
2791;5;0
2792;2;0
2793;7;0
2794;8;1
2795;2;0
2796;10;2
2797;7;1
2798;9;3
2799;2;0
2800;2;0
2801;8;2
2802;5;0
2803;1;0
2804;10;5
2805;8;1
2806;3;0
2807;6;1
2808;4;0
2809;5;0
2810;8;1
2811;3;1
2812;6;0
2813;3;0
2814;2;0
2815;7;1
2816;7;1
2817;2;0
2818;9;1
2819;1;0
2820;4;0
2821;8;0
2822;2;0
2823;2;0
2824;3;0
2825;2;0
2826;6;0
2827;1;0
2828;3;0
2829;5;1
2830;10;4
2831;8;2
2832;1;0
2833;5;0
2834;2;0
2835;8;3
2836;6;0
2837;1;0
2838;5;0
2839;6;2
2840;7;1
2841;1;0
2842;8;2
2843;2;0
2844;5;0
2845;3;0
2846;10;4
2847;10;1
2848;5;0
2849;2;0
2850;6;0
2851;8;2
2852;9;6
2853;9;6
2854;9;1
2855;5;0
2856;6;0
2857;4;0
2858;9;4
2859;8;2
2860;2;0
2861;3;0
2862;4;0
2863;9;3
2864;5;0
2865;10;3
2866;2;0
2867;1;0
2868;1;0
2869;5;0
2870;1;0
2871;6;1
2872;8;1
2873;3;0
2874;4;0
2875;3;0
2876;10;3
2877;10;6
2878;7;2
2879;10;6
2880;2;0
2881;7;0
2882;7;1
2883;1;0
2884;10;2
2885;2;0
2886;10;9
2887;3;0
2888;7;1
2889;7;0
2890;2;0
2891;3;0
2892;2;0
2893;7;0
2894;5;0
2895;5;0
2896;8;2
2897;10;7
2898;7;2
2899;5;0
2900;1;0
2901;10;6
2902;9;1
2903;1;0
2904;1;0
2905;1;0
2906;1;0
2907;7;0
2908;6;1
2909;6;0
2910;6;1
2911;6;1
2912;7;3
2913;10;2
2914;6;0
2915;6;1
2916;6;2
2917;3;0
2918;9;3
2919;3;0
2920;1;0
2921;10;2
2922;4;0
2923;4;0
2924;3;0
2925;9;6
2926;4;0
2927;1;0
2928;9;8
2929;9;1
2930;6;0
2931;10;4
2932;3;0
2933;3;0
2934;10;3
2935;3;0
2936;8;0
2937;6;0
2938;1;0
2939;10;4
2940;2;0
2941;4;0
2942;8;2
2943;2;0
2944;2;0
2945;6;0
2946;7;0
2947;3;0
2948;2;0
2949;9;1
2950;9;5
2951;5;0
2952;1;0
2953;5;0
2954;5;0
2955;2;0
2956;7;1
2957;5;1
2958;8;1
2959;3;0
2960;7;2
2961;10;4
2962;9;7
2963;7;0
2964;10;2
2965;6;0
2966;4;1
2967;5;1
2968;1;0
2969;4;0
2970;9;0
2971;1;0
2972;3;0
2973;10;4
2974;2;0
2975;8;1
2976;2;0
2977;2;0
2978;2;0
2979;8;1
2980;3;0
2981;1;0
2982;10;4
2983;10;3
2984;10;2
2985;1;0
2986;10;5
2987;9;3
2988;9;2
2989;8;1
2990;6;0
2991;3;0
2992;9;5
2993;9;4
2994;3;1
2995;2;0
2996;6;0
2997;1;0
2998;2;0
2999;7;0
3000;3;0
3001;3;0
3002;3;0
3003;8;2
3004;1;0
3005;9;2
3006;3;0
3007;2;0
3008;3;0
3009;7;0
3010;10;7
3011;5;0
3012;3;0
3013;10;1
3014;10;3
3015;6;0
3016;1;0
3017;9;2
3018;8;1
3019;10;4
3020;7;1
3021;5;1
3022;6;1
3023;3;0
3024;9;5
3025;6;0
3026;2;0
3027;5;0
3028;8;5
3029;10;6
3030;3;0
3031;1;0
3032;1;0
3033;6;0
3034;6;0
3035;1;0
3036;9;5
3037;2;0
3038;10;3
3039;1;0
3040;8;3
3041;8;0
3042;6;0
3043;2;0
3044;9;1
3045;2;0
3046;10;3
3047;9;4
3048;9;2
3049;7;0
3050;2;0
3051;7;3
3052;4;0
3053;3;0
3054;1;0
3055;8;1
3056;7;1
3057;1;0
3058;10;1
3059;5;0
3060;8;0
3061;9;2
3062;4;0
3063;4;0
3064;5;0
3065;9;5
3066;5;0
3067;8;1
3068;5;0
3069;10;7
3070;8;0
3071;9;1
3072;10;4
3073;7;0
3074;2;0
3075;9;0
3076;9;0
3077;5;0
3078;5;1
3079;8;4
3080;6;1
3081;3;0
3082;7;1
3083;1;0
3084;9;1
3085;7;1
3086;8;2
3087;9;3
3088;6;1
3089;8;1
3090;4;0
3091;8;2
3092;3;0
3093;5;0
3094;4;0
3095;10;3
3096;5;0
3097;3;0
3098;8;3
3099;10;2
3100;7;0
3101;3;0
3102;5;0
3103;9;5
3104;9;3
3105;3;0
3106;7;1
3107;7;1
3108;1;0
3109;2;0
3110;9;3
3111;2;0
3112;7;1
3113;3;0
3114;10;3
3115;5;1
3116;2;0
3117;4;0
3118;6;0
3119;9;1
3120;2;0
3121;7;0
3122;3;0
3123;8;0
3124;6;2
3125;1;0
3126;6;0
3127;6;0
3128;4;0
3129;2;0
3130;5;1
3131;7;1
3132;7;2
3133;5;0
3134;1;0
3135;4;0
3136;9;3
3137;8;2
3138;3;0
3139;6;0
3140;10;4
3141;1;0
3142;8;4
3143;4;1
3144;9;2
3145;2;0
3146;2;0
3147;1;0
3148;5;0
3149;9;1
3150;9;4
3151;2;0
3152;7;0
3153;10;7
3154;9;2
3155;1;0
3156;10;4
3157;7;0
3158;3;0
3159;9;1
3160;7;0
3161;2;0
3162;4;1
3163;9;2
3164;8;1
3165;3;0
3166;5;0
3167;2;0
3168;2;0
3169;6;0
3170;7;0
3171;5;1
3172;1;0
3173;10;4
3174;9;2
3175;1;0
3176;9;2
3177;9;3
3178;9;1
3179;5;0
3180;9;1
3181;6;1
3182;1;0
3183;5;0
3184;4;0
3185;4;1
3186;10;4
3187;8;0
3188;7;1
3189;10;1
3190;4;0
3191;2;0
3192;6;0
3193;4;0
3194;9;4
3195;8;0
3196;8;1
3197;9;6
3198;6;0
3199;7;1
3200;8;0
3201;10;2
3202;9;2
3203;9;1
3204;3;0
3205;5;1
3206;1;0
3207;7;0
3208;1;0
3209;8;1
3210;2;0
3211;1;0
3212;8;1
3213;9;1
3214;10;7
3215;2;0
3216;1;0
3217;9;7
3218;6;0
3219;5;0
3220;3;0
3221;8;1
3222;6;0
3223;2;0
3224;3;0
3225;5;0
3226;9;3
3227;8;1
3228;1;0
3229;1;0
3230;4;0
3231;10;2
3232;4;0
3233;3;0
3234;8;0
3235;10;2
3236;7;1
3237;2;0
3238;2;0
3239;10;3
3240;3;0
3241;4;0
3242;7;2
3243;10;4
3244;9;2
3245;3;0
3246;4;0
3247;7;0
3248;4;0
3249;8;0
3250;7;1
3251;9;6
3252;4;0
3253;2;0
3254;4;0
3255;10;3
3256;5;1
3257;7;0
3258;7;0
3259;9;1
3260;6;2
3261;4;0
3262;7;1
3263;10;4
3264;4;0
3265;2;0
3266;8;6
3267;6;1
3268;2;0
3269;1;0
3270;5;1
3271;10;4
3272;7;1
3273;6;0
3274;2;0
3275;10;9
3276;1;0
3277;7;1
3278;4;0
3279;1;0
3280;1;0
3281;2;0
3282;4;0
3283;3;0
3284;4;0
3285;5;0
3286;7;0
3287;2;0
3288;9;4
3289;8;4
3290;6;0
3291;10;4
3292;6;0
3293;4;0
3294;5;0
3295;10;1
3296;8;4
3297;7;3
3298;6;0
3299;7;1
3300;5;0
3301;9;5
3302;6;0
3303;4;0
3304;4;0
3305;8;3
3306;2;0
3307;8;3
3308;10;5
3309;5;0
3310;10;5
3311;9;1
3312;4;0
3313;7;0
3314;8;0
3315;4;0
3316;10;4
3317;4;0
3318;7;1
3319;9;4
3320;6;2
3321;7;1
3322;7;0
3323;5;0
3324;6;1
3325;5;1
3326;5;0
3327;4;0
3328;2;0
3329;2;0
3330;3;0
3331;4;0
3332;1;0
3333;8;2
3334;6;1
3335;3;0
3336;7;2
3337;1;0
3338;10;2
3339;7;2
3340;4;0
3341;10;3
3342;2;0
3343;5;0
3344;9;3
3345;7;2
3346;7;0
3347;10;5
3348;7;0
3349;1;0
3350;1;0
3351;4;0
3352;1;0
3353;7;2
3354;1;0
3355;9;5
3356;3;0
3357;2;0
3358;8;1
3359;9;1
3360;4;0
3361;9;2
3362;6;1
3363;9;4
3364;3;0
3365;6;2
3366;8;0
3367;6;1
3368;1;0
3369;5;0
3370;8;1
3371;10;4
3372;4;0
3373;10;4
3374;6;2
3375;6;1
3376;5;0
3377;3;0
3378;6;0
3379;9;2
3380;8;2
3381;6;1
3382;7;1
3383;1;0
3384;2;0
3385;9;4
3386;3;0
3387;5;0
3388;7;0
3389;8;1
3390;1;0
3391;5;1
3392;3;1
3393;1;0
3394;3;0
3395;6;1
3396;4;0
3397;4;0
3398;2;0
3399;3;0
3400;10;6
3401;2;0
3402;9;3
3403;2;0
3404;4;0
3405;1;0
3406;1;0
3407;2;0
3408;1;0
3409;6;0
3410;5;0
3411;10;5
3412;6;1
3413;10;5
3414;2;0
3415;9;2
3416;3;0
3417;5;0
3418;8;0
3419;5;1
3420;3;0
3421;3;0
3422;9;2
3423;4;0
3424;5;0
3425;3;0
3426;8;0
3427;3;0
3428;7;1
3429;1;0
3430;2;0
3431;1;0
3432;1;0
3433;4;0
3434;9;3
3435;7;1
3436;7;0
3437;5;0
3438;8;2
3439;1;0
3440;8;0
3441;2;0
3442;5;0
3443;2;0
3444;3;0
3445;1;0
3446;10;3
3447;3;0
3448;10;4
3449;5;0
3450;3;0
3451;10;5
3452;7;0
3453;7;5
3454;10;5
3455;8;0
3456;3;0
3457;5;1
3458;8;1
3459;2;0
3460;4;1
3461;8;3
3462;5;0
3463;1;0
3464;4;0
3465;4;0
3466;10;3
3467;3;0
3468;1;0
3469;5;1
3470;2;0
3471;8;1
3472;8;0
3473;7;0
3474;7;1
3475;2;0
3476;9;4
3477;8;2
3478;1;0
3479;5;0
3480;4;0
3481;5;0
3482;4;0
3483;3;0
3484;8;1
3485;3;0
3486;5;0
3487;4;0
3488;4;0
3489;2;0
3490;4;0
3491;2;0
3492;8;3
3493;7;1
3494;8;0
3495;1;0
3496;7;0
3497;4;0
3498;9;2
3499;10;3
3500;2;0
3501;7;1
3502;3;0
3503;6;0
3504;4;1
3505;6;1
3506;3;0
3507;1;0
3508;1;0
3509;9;4
3510;9;0
3511;6;2
3512;5;0
3513;3;0
3514;8;4
3515;9;4
3516;5;0
3517;3;0
3518;3;0
3519;2;0
3520;9;0
3521;6;0
3522;10;8
3523;9;6
3524;1;0
3525;10;5
3526;1;0
3527;1;0
3528;9;1
3529;7;0
3530;5;0
3531;5;0
3532;9;5
3533;1;0
3534;4;1
3535;7;2
3536;2;0
3537;9;3
3538;9;0
3539;3;0
3540;1;0
3541;5;1
3542;4;0
3543;6;0
3544;4;0
3545;9;3
3546;8;1
3547;5;1
3548;9;2
3549;10;6
3550;7;1
3551;5;0
3552;2;0
3553;8;0
3554;2;0
3555;6;0
3556;8;2
3557;5;0
3558;5;1
3559;4;0
3560;5;0
3561;2;0
3562;2;0
3563;4;0
3564;4;0
3565;4;0
3566;7;0
3567;4;0
3568;10;2
3569;2;0
3570;7;0
3571;6;0
3572;4;0
3573;1;0
3574;1;0
3575;4;0
3576;2;0
3577;4;0
3578;5;0
3579;3;0
3580;2;0
3581;6;0
3582;3;0
3583;9;4
3584;1;0
3585;10;3
3586;4;0
3587;2;0
3588;10;6
3589;8;1
3590;10;5
3591;8;1
3592;5;0
3593;5;0
3594;8;0
3595;9;1
3596;3;0
3597;10;4
3598;2;0
3599;10;1
3600;2;0
3601;5;0
3602;6;0
3603;8;3
3604;4;0
3605;1;0
3606;2;0
3607;2;0
3608;7;0
3609;8;5
3610;4;1
3611;4;0
3612;10;4
3613;2;0
3614;2;0
3615;9;3
3616;10;5
3617;3;0
3618;4;0
3619;4;0
3620;1;0
3621;6;1
3622;4;0
3623;2;0
3624;2;0
3625;9;3
3626;2;0
3627;9;0
3628;3;0
3629;3;0
3630;2;0
3631;2;0
3632;3;0
3633;6;0
3634;2;0
3635;8;1
3636;1;0
3637;5;0
3638;6;0
3639;10;5
3640;9;7
3641;3;0
3642;6;1
3643;3;0
3644;4;0
3645;6;0
3646;9;2
3647;3;0
3648;4;0
3649;9;1
3650;10;7
3651;1;0
3652;7;1
3653;8;2
3654;9;3
3655;7;2
3656;1;0
3657;4;0
3658;6;0
3659;5;0
3660;10;4
3661;3;0
3662;9;1
3663;5;0
3664;7;0
3665;3;0
3666;2;0
3667;4;1
3668;1;0
3669;5;1
3670;8;0
3671;5;1
3672;7;2
3673;5;0
3674;5;0
3675;9;2
3676;10;8
3677;2;0
3678;8;3
3679;7;0
3680;1;0
3681;10;7
3682;6;1
3683;5;1
3684;3;0
3685;2;0
3686;6;0
3687;5;0
3688;7;1
3689;5;0
3690;7;0
3691;8;1
3692;10;4
3693;2;0
3694;1;0
3695;7;0
3696;4;0
3697;2;0
3698;7;1
3699;2;0
3700;5;0
3701;5;0
3702;2;0
3703;9;4
3704;1;0
3705;5;0
3706;4;0
3707;3;0
3708;3;0
3709;1;0
3710;7;0
3711;10;3
3712;6;0
3713;9;0
3714;5;0
3715;10;5
3716;7;1
3717;5;0
3718;2;0
3719;6;0
3720;7;1
3721;7;3
3722;8;2
3723;7;1
3724;8;3
3725;1;0
3726;6;1
3727;6;1
3728;4;0
3729;9;0
3730;5;0
3731;9;4
3732;6;0
3733;7;2
3734;3;0
3735;6;2
3736;9;3
3737;7;0
3738;4;0
3739;8;1
3740;8;1
3741;4;0
3742;3;0
3743;7;1
3744;9;1
3745;8;1
3746;3;0
3747;1;0
3748;8;0
3749;1;0
3750;10;5
3751;10;4
3752;10;4
3753;1;0
3754;5;0
3755;8;0
3756;8;1
3757;6;0
3758;2;0
3759;1;0
3760;10;3
3761;8;1
3762;9;0
3763;5;0
3764;6;0
3765;9;2
3766;4;0
3767;10;4
3768;7;1
3769;9;3
3770;2;0
3771;1;0
3772;2;0
3773;4;0
3774;8;3
3775;4;0
3776;5;0
3777;1;0
3778;8;2
3779;10;5
3780;9;5
3781;6;0
3782;8;1
3783;3;0
3784;10;5
3785;6;1
3786;9;2
3787;5;0
3788;2;0
3789;5;1
3790;9;2
3791;3;0
3792;6;0
3793;4;0
3794;9;3
3795;1;0
3796;5;0
3797;8;1
3798;1;0
3799;1;0
3800;4;0
3801;3;0
3802;4;0
3803;10;4
3804;10;7
3805;10;4
3806;9;2
3807;6;0
3808;4;1
3809;1;0
3810;4;0
3811;7;1
3812;8;2
3813;2;0
3814;2;0
3815;5;0
3816;10;3
3817;6;0
3818;6;1
3819;10;5
3820;10;3
3821;10;4
3822;8;2
3823;3;0
3824;1;0
3825;9;4
3826;5;0
3827;8;1
3828;6;0
3829;8;1
3830;10;3
3831;7;1
3832;1;0
3833;8;1
3834;6;1
3835;6;2
3836;2;0
3837;9;4
3838;4;0
3839;10;5
3840;8;6
3841;4;0
3842;2;0
3843;1;0
3844;1;0
3845;2;0
3846;6;1
3847;4;0
3848;2;0
3849;5;0
3850;1;0
3851;9;4
3852;3;0
3853;1;0
3854;1;0
3855;5;1
3856;6;0
3857;1;0
3858;9;1
3859;1;0
3860;5;0
3861;1;0
3862;1;0
3863;7;1
3864;2;0
3865;8;3
3866;7;0
3867;10;6
3868;7;1
3869;7;1
3870;3;0
3871;1;0
3872;2;0
3873;6;1
3874;2;0
3875;7;1
3876;9;6
3877;7;0
3878;2;0
3879;9;3
3880;4;0
3881;2;0
3882;7;2
3883;2;0
3884;7;2
3885;1;0
3886;4;1
3887;10;3
3888;7;2
3889;2;0
3890;10;2
3891;1;0
3892;1;0
3893;3;1
3894;6;0
3895;8;1
3896;3;0
3897;6;1
3898;10;4
3899;4;0
3900;6;0
3901;6;0
3902;8;2
3903;6;1
3904;2;0
3905;10;7
3906;7;3
3907;8;3
3908;10;3
3909;5;0
3910;7;0
3911;10;1
3912;10;2
3913;1;0
3914;8;1
3915;3;0
3916;5;0
3917;9;1
3918;10;4
3919;1;0
3920;4;0
3921;7;0
3922;3;0
3923;5;0
3924;7;3
3925;2;0
3926;1;0
3927;10;3
3928;10;2
3929;5;0
3930;4;0
3931;4;0
3932;7;1
3933;9;3
3934;3;0
3935;8;2
3936;5;0
3937;2;0
3938;10;2
3939;8;0
3940;4;1
3941;6;1
3942;1;0
3943;3;0
3944;6;0
3945;1;0
3946;2;0
3947;10;2
3948;6;0
3949;4;0
3950;4;0
3951;4;0
3952;6;0
3953;9;2
3954;10;0
3955;9;3
3956;3;0
3957;3;0
3958;9;5
3959;1;0
3960;9;3
3961;8;2
3962;9;1
3963;5;0
3964;2;0
3965;3;0
3966;3;0
3967;1;0
3968;8;0
3969;1;0
3970;9;2
3971;3;0
3972;10;2
3973;2;0
3974;8;0
3975;8;0
3976;7;0
3977;1;0
3978;10;4
3979;6;1
3980;10;4
3981;1;0
3982;4;0
3983;7;0
3984;1;0
3985;10;2
3986;8;1
3987;9;4
3988;9;5
3989;4;0
3990;5;0
3991;2;0
3992;3;0
3993;10;3
3994;9;1
3995;6;0
3996;8;3
3997;6;1
3998;2;0
3999;3;0
4000;9;1
4001;1;0
4002;2;0
4003;6;0
4004;5;0
4005;1;0
4006;5;0
4007;5;0
4008;2;0
4009;3;0
4010;3;0
4011;3;0
4012;4;1
4013;4;2
4014;2;0
4015;8;2
4016;5;0
4017;2;0
4018;4;1
4019;2;0
4020;6;0
4021;4;0
4022;3;0
4023;4;0
4024;6;0
4025;7;2
4026;1;0
4027;1;0
4028;4;1
4029;2;0
4030;1;0
4031;1;0
4032;10;7
4033;7;0
4034;7;1
4035;9;1
4036;10;2
4037;9;3
4038;2;0
4039;1;0
4040;5;0
4041;3;0
4042;7;1
4043;7;1
4044;2;0
4045;2;0
4046;9;2
4047;10;5
4048;8;2
4049;1;0
4050;2;0
4051;6;0
4052;2;0
4053;10;2
4054;7;1
4055;5;0
4056;9;3
4057;9;3
4058;10;3
4059;9;3
4060;10;6
4061;5;0
4062;2;0
4063;10;1
4064;2;0
4065;2;0
4066;4;0
4067;7;0
4068;7;0
4069;3;2
4070;9;1
4071;6;0
4072;1;0
4073;4;0
4074;7;2
4075;3;1
4076;8;1
4077;7;0
4078;3;0
4079;5;0
4080;8;0
4081;2;0
4082;3;0
4083;3;0
4084;1;0
4085;5;0
4086;9;1
4087;10;8
4088;10;2
4089;3;0
4090;1;0
4091;1;0
4092;10;4
4093;4;0
4094;1;0
4095;1;0
4096;2;0
4097;8;0
4098;5;1
4099;1;0
4100;9;4
4101;3;0
4102;3;0
4103;6;0
4104;2;0
4105;6;0
4106;6;0
4107;9;4
4108;4;0
4109;5;0
4110;8;2
4111;2;0
4112;7;1
4113;6;0
4114;1;0
4115;9;1
4116;3;1
4117;9;0
4118;10;4
4119;7;1
4120;3;0
4121;5;0
4122;7;0
4123;5;0
4124;2;0
4125;9;1
4126;7;0
4127;7;2
4128;3;0
4129;7;1
4130;2;0
4131;10;4
4132;2;0
4133;2;0
4134;6;2
4135;6;0
4136;9;3
4137;7;1
4138;1;0
4139;5;0
4140;10;6
4141;1;0
4142;7;0
4143;6;1
4144;5;0
4145;9;1
4146;5;0
4147;4;0
4148;4;0
4149;2;0
4150;8;1
4151;3;0
4152;8;3
4153;8;0
4154;8;2
4155;5;0
4156;6;0
4157;9;4
4158;4;0
4159;4;0
4160;10;4
4161;9;6
4162;7;1
4163;7;2
4164;4;0
4165;8;1
4166;1;0
4167;5;0
4168;10;7
4169;5;0
4170;1;0
4171;6;0
4172;9;4
4173;6;0
4174;8;2
4175;3;0
4176;8;0
4177;2;0
4178;10;5
4179;4;0
4180;4;1
4181;3;1
4182;4;0
4183;1;0
4184;9;3
4185;9;3
4186;2;0
4187;4;0
4188;4;0
4189;2;0
4190;1;0
4191;10;4
4192;4;0
4193;7;0
4194;6;1
4195;1;0
4196;4;0
4197;10;3
4198;3;0
4199;7;1
4200;9;4
4201;1;0
4202;5;0
4203;9;1
4204;2;0
4205;3;0
4206;5;0
4207;3;0
4208;1;0
4209;6;0
4210;7;0
4211;5;0
4212;10;3
4213;1;0
4214;1;0
4215;7;0
4216;5;0
4217;6;0
4218;8;1
4219;5;1
4220;7;0
4221;7;0
4222;1;0
4223;9;1
4224;5;0
4225;2;0
4226;3;0
4227;2;0
4228;1;0
4229;7;1
4230;9;2
4231;8;1
4232;9;3
4233;3;0
4234;6;0
4235;3;0
4236;9;4
4237;6;1
4238;10;8
4239;7;1
4240;5;0
4241;10;2
4242;4;0
4243;9;3
4244;5;0
4245;7;1
4246;10;1
4247;3;0
4248;7;1
4249;9;0
4250;7;1
4251;9;0
4252;3;0
4253;8;2
4254;1;0
4255;2;0
4256;10;4
4257;7;0
4258;5;0
4259;1;0
4260;10;6
4261;3;0
4262;3;0
4263;4;0
4264;8;1
4265;9;3
4266;6;0
4267;7;2
4268;5;1
4269;8;0
4270;9;2
4271;10;3
4272;6;2
4273;1;0
4274;1;0
4275;7;0
4276;3;0
4277;3;0
4278;4;0
4279;8;6
4280;2;0
4281;10;5
4282;6;0
4283;2;0
4284;1;0
4285;10;5
4286;6;2
4287;2;0
4288;3;0
4289;4;1
4290;4;0
4291;3;0
4292;1;0
4293;10;4
4294;8;1
4295;2;0
4296;8;0
4297;10;4
4298;2;0
4299;6;0
4300;1;0
4301;3;0
4302;9;1
4303;9;2
4304;1;0
4305;8;0
4306;4;0
4307;2;0
4308;8;1
4309;5;0
4310;9;0
4311;8;1
4312;3;0
4313;7;0
4314;10;2
4315;10;2
4316;8;2
4317;1;0
4318;4;0
4319;8;1
4320;4;0
4321;5;0
4322;5;0
4323;1;0
4324;5;1
4325;7;2
4326;9;1
4327;7;0
4328;4;0
4329;9;4
4330;10;6
4331;4;0
4332;1;0
4333;9;1
4334;7;0
4335;9;3
4336;2;0
4337;7;1
4338;2;0
4339;4;0
4340;7;1
4341;5;0
4342;4;0
4343;8;2
4344;6;2
4345;6;0
4346;10;4
4347;5;0
4348;10;5
4349;8;3
4350;4;0
4351;7;1
4352;7;2
4353;4;0
4354;3;0
4355;7;1
4356;9;0
4357;8;0
4358;5;0
4359;4;0
4360;9;2
4361;7;1
4362;8;2
4363;9;2
4364;5;0
4365;6;0
4366;7;0
4367;5;0
4368;10;6
4369;1;0
4370;9;1
4371;2;0
4372;10;4
4373;1;0
4374;2;0
4375;10;6
4376;1;0
4377;7;1
4378;6;0
4379;10;5
4380;7;0
4381;5;0
4382;7;0
4383;7;2
4384;5;1
4385;4;0
4386;7;2
4387;8;3
4388;6;0
4389;1;0
4390;1;0
4391;4;1
4392;3;0
4393;8;0
4394;5;0
4395;1;0
4396;7;0
4397;6;0
4398;4;0
4399;10;1
4400;9;2
4401;6;0
4402;5;0
4403;10;5
4404;9;2
4405;3;0
4406;7;1
4407;6;0
4408;3;0
4409;3;0
4410;7;1
4411;2;0
4412;3;0
4413;5;0
4414;8;2
4415;5;0
4416;10;1
4417;2;0
4418;4;0
4419;2;0
4420;9;4
4421;10;3
4422;9;2
4423;10;4
4424;1;0
4425;5;0
4426;9;3
4427;2;0
4428;6;0
4429;1;0
4430;3;0
4431;6;0
4432;4;0
4433;6;0
4434;2;0
4435;2;0
4436;10;6
4437;8;1
4438;8;1
4439;3;0
4440;7;0
4441;1;0
4442;5;0
4443;4;0
4444;4;0
4445;10;2
4446;2;0
4447;8;2
4448;1;0
4449;1;0
4450;1;0
4451;6;0
4452;2;0
4453;3;0
4454;1;0
4455;9;1
4456;8;0
4457;5;0
4458;9;1
4459;5;0
4460;4;0
4461;6;0
4462;1;0
4463;2;0
4464;1;0
4465;2;0
4466;8;3
4467;7;1
4468;4;0
4469;7;2
4470;5;0
4471;3;0
4472;4;0
4473;2;0
4474;5;0
4475;8;2
4476;5;1
4477;6;0
4478;6;0
4479;2;0
4480;4;0
4481;2;0
4482;2;0
4483;6;0
4484;1;0
4485;8;1
4486;4;0
4487;2;0
4488;5;0
4489;3;0
4490;4;0
4491;6;1
4492;9;5
4493;4;0
4494;9;3
4495;1;0
4496;1;0
4497;4;0
4498;4;1
4499;3;0
4500;2;0
4501;6;0
4502;4;0
4503;5;0
4504;7;3
4505;9;2
4506;2;0
4507;10;8
4508;8;1
4509;4;0
4510;4;0
4511;2;0
4512;9;1
4513;8;0
4514;1;0
4515;3;0
4516;5;1
4517;5;0
4518;2;0
4519;3;0
4520;8;0
4521;7;0
4522;2;0
4523;2;0
4524;3;1
4525;10;0
4526;4;0
4527;1;0
4528;4;0
4529;5;1
4530;7;3
4531;2;0
4532;3;0
4533;4;0
4534;10;3
4535;9;4
4536;9;6
4537;7;2
4538;10;1
4539;2;0
4540;7;1
4541;4;0
4542;5;0
4543;2;0
4544;9;4
4545;3;0
4546;7;0
4547;2;0
4548;3;0
4549;6;0
4550;7;1
4551;7;0
4552;3;0
4553;1;0
4554;5;0
4555;6;1
4556;4;0
4557;3;0
4558;3;0
4559;8;1
4560;5;0
4561;2;0
4562;7;1
4563;4;0
4564;7;3
4565;3;0
4566;10;7
4567;6;0
4568;8;1
4569;3;0
4570;4;0
4571;8;0
4572;6;1
4573;10;2
4574;7;1
4575;4;0
4576;3;0
4577;10;4
4578;3;0
4579;1;0
4580;3;0
4581;3;0
4582;8;0
4583;8;5
4584;8;1
4585;1;0
4586;10;4
4587;2;0
4588;9;4
4589;5;0
4590;5;0
4591;6;2
4592;5;0
4593;3;0
4594;8;0
4595;6;0
4596;8;2
4597;1;0
4598;6;1
4599;7;0
4600;3;0
4601;1;0
4602;4;0
4603;10;6
4604;2;0
4605;9;1
4606;1;0
4607;4;0
4608;5;0
4609;2;0
4610;3;0
4611;4;0
4612;10;4
4613;2;0
4614;5;0
4615;3;0
4616;4;0
4617;9;5
4618;6;0
4619;6;0
4620;4;0
4621;9;3
4622;8;4
4623;4;1
4624;9;1
4625;9;3
4626;3;0
4627;4;0
4628;3;0
4629;2;0
4630;7;2
4631;2;0
4632;5;0
4633;7;1
4634;8;3
4635;3;0
4636;10;7
4637;9;3
4638;6;0
4639;9;2
4640;10;6
4641;6;0
4642;8;1
4643;8;2
4644;2;0
4645;1;0
4646;7;0
4647;4;0
4648;8;2
4649;5;0
4650;2;0
4651;9;1
4652;6;0
4653;10;4
4654;3;0
4655;5;0
4656;4;0
4657;10;3
4658;2;0
4659;4;0
4660;7;2
4661;8;1
4662;1;0
4663;4;0
4664;5;0
4665;2;0
4666;9;4
4667;4;0
4668;4;0
4669;3;0
4670;4;1
4671;5;1
4672;3;0
4673;8;2
4674;7;0
4675;8;1
4676;2;0
4677;10;8
4678;2;0
4679;8;2
4680;2;0
4681;10;4
4682;6;0
4683;8;2
4684;10;7
4685;8;0
4686;7;0
4687;6;0
4688;5;0
4689;4;0
4690;9;1
4691;10;1
4692;7;1
4693;2;0
4694;3;0
4695;3;0
4696;5;0
4697;4;0
4698;3;0
4699;1;0
4700;3;0
4701;4;0
4702;10;3
4703;6;1
4704;1;0
4705;8;4
4706;6;0
4707;8;2
4708;3;0
4709;5;0
4710;4;0
4711;4;0
4712;9;2
4713;5;0
4714;3;0
4715;7;0
4716;2;0
4717;4;0
4718;5;1
4719;8;1
4720;5;0
4721;4;0
4722;9;4
4723;10;5
4724;4;0
4725;5;0
4726;9;3
4727;2;0
4728;5;0
4729;5;0
4730;3;0
4731;8;2
4732;8;1
4733;1;0
4734;6;0
4735;9;3
4736;1;0
4737;1;0
4738;8;1
4739;3;0
4740;2;0
4741;9;5
4742;3;0
4743;10;3
4744;1;0
4745;5;0
4746;2;0
4747;3;0
4748;10;3
4749;6;0
4750;1;0
4751;2;0
4752;10;1
4753;5;0
4754;7;1
4755;10;10
4756;5;0
4757;10;2
4758;2;0
4759;7;1
4760;10;5
4761;5;0
4762;4;0
4763;9;4
4764;3;0
4765;6;0
4766;7;2
4767;8;1
4768;10;4
4769;4;0
4770;6;0
4771;2;0
4772;7;1
4773;2;0
4774;7;0
4775;6;1
4776;1;0
4777;10;2
4778;10;3
4779;10;5
4780;4;0
4781;6;1
4782;2;0
4783;10;3
4784;4;0
4785;2;0
4786;8;1
4787;3;0
4788;5;0
4789;6;1
4790;5;0
4791;2;0
4792;9;2
4793;1;0
4794;3;0
4795;7;1
4796;6;1
4797;4;0
4798;8;3
4799;5;0
4800;9;4
4801;4;0
4802;4;0
4803;7;4
4804;10;7
4805;9;1
4806;6;0
4807;8;4
4808;9;2
4809;1;0
4810;9;1
4811;5;0
4812;1;0
4813;3;0
4814;4;0
4815;4;0
4816;3;0
4817;4;0
4818;6;0
4819;1;0
4820;9;3
4821;5;1
4822;3;0
4823;4;0
4824;10;5
4825;5;2
4826;4;0
4827;6;1
4828;10;1
4829;10;2
4830;1;0
4831;7;4
4832;3;0
4833;5;0
4834;2;0
4835;10;3
4836;2;0
4837;6;0
4838;10;2
4839;5;0
4840;6;1
4841;10;8
4842;4;0
4843;5;0
4844;8;1
4845;10;5
4846;2;0
4847;6;0
4848;8;5
4849;10;5
4850;4;0
4851;2;0
4852;9;4
4853;7;3
4854;7;2
4855;4;0
4856;2;0
4857;1;0
4858;8;4
4859;6;0
4860;6;0
4861;10;4
4862;9;2
4863;10;4
4864;10;4
4865;2;0
4866;3;0
4867;6;1
4868;2;0
4869;4;0
4870;3;0
4871;8;0
4872;5;0
4873;1;0
4874;6;0
4875;10;2
4876;1;0
4877;8;0
4878;6;1
4879;10;1
4880;4;0
4881;9;5
4882;9;3
4883;10;3
4884;6;0
4885;9;3
4886;9;0
4887;6;0
4888;8;2
4889;8;3
4890;9;5
4891;2;0
4892;9;2
4893;4;0
4894;10;7
4895;6;3
4896;1;0
4897;4;1
4898;6;1
4899;6;1
4900;8;0
4901;6;1
4902;4;0
4903;4;0
4904;7;0
4905;7;1
4906;7;0
4907;9;2
4908;1;0
4909;8;3
4910;4;0
4911;4;0
4912;5;0
4913;8;1
4914;2;0
4915;7;2
4916;2;0
4917;9;2
4918;5;0
4919;1;0
4920;4;0
4921;7;0
4922;8;1
4923;5;0
4924;6;1
4925;1;0
4926;9;2
4927;2;0
4928;1;0
4929;10;3
4930;9;2
4931;8;2
4932;3;0
4933;10;5
4934;2;0
4935;8;3
4936;5;0
4937;5;1
4938;3;0
4939;9;0
4940;2;0
4941;1;0
4942;6;0
4943;1;0
4944;5;0
4945;5;0
4946;7;2
4947;1;0
4948;2;0
4949;3;0
4950;5;1
4951;2;0
4952;10;3
4953;5;1
4954;3;0
4955;2;0
4956;8;0
4957;10;3
4958;9;5
4959;7;0
4960;9;3
4961;6;0
4962;8;2
4963;2;0
4964;9;2
4965;6;1
4966;2;0
4967;6;2
4968;7;1
4969;5;0
4970;3;0
4971;7;1
4972;6;2
4973;7;0
4974;10;4
4975;4;0
4976;2;0
4977;8;4
4978;1;0
4979;1;0
4980;5;1
4981;8;4
4982;10;3
4983;8;1
4984;6;0
4985;7;1
4986;8;3
4987;9;2
4988;8;2
4989;1;0
4990;1;0
4991;6;0
4992;7;0
4993;7;0
4994;10;2
4995;7;0
4996;3;0
4997;4;0
4998;2;0
4999;9;3
5000;4;0
5001;2;0
5002;5;0
5003;8;1
5004;1;0
5005;8;4
5006;6;0
5007;4;0
5008;6;0
5009;10;2
5010;10;6
5011;1;0
5012;9;3
5013;8;2
5014;2;0
5015;1;0
5016;7;3
5017;10;4
5018;6;1
5019;3;0
5020;8;3
5021;4;0
5022;8;0
5023;6;0
5024;4;0
5025;7;2
5026;1;0
5027;10;5
5028;7;1
5029;3;0
5030;1;0
5031;8;0
5032;6;2
5033;3;0
5034;8;0
5035;4;0
5036;3;0
5037;2;0
5038;8;2
5039;9;3
5040;1;0
5041;5;1
5042;3;0
5043;8;3
5044;1;0
5045;10;1
5046;7;1
5047;9;4
5048;6;1
5049;10;6
5050;1;0
5051;4;0
5052;9;5
5053;10;2
5054;1;0
5055;10;7
5056;4;0
5057;10;10
5058;5;0
5059;4;0
5060;7;0
5061;7;0
5062;7;1
5063;3;0
5064;10;4
5065;3;0
5066;6;1
5067;7;2
5068;10;2
5069;9;5
5070;9;1
5071;5;0
5072;3;0
5073;8;3
5074;2;0
5075;4;0
5076;1;0
5077;1;0
5078;5;0
5079;4;0
5080;10;9
5081;3;0
5082;4;2
5083;8;3
5084;3;0
5085;7;0
5086;10;3
5087;6;1
5088;2;0
5089;9;2
5090;10;3
5091;4;0
5092;8;4
5093;4;0
5094;2;0
5095;5;0
5096;9;3
5097;1;0
5098;9;2
5099;9;3
5100;5;1
5101;1;0
5102;9;4
5103;7;2
5104;2;0
5105;6;0
5106;2;0
5107;1;0
5108;9;3
5109;8;1
5110;10;1
5111;4;0
5112;5;0
5113;1;0
5114;5;0
5115;5;1
5116;3;0
5117;10;4
5118;10;6
5119;3;0
5120;3;0
5121;10;1
5122;5;2
5123;2;0
5124;9;1
5125;5;0
5126;8;1
5127;9;8
5128;6;0
5129;8;3
5130;5;0
5131;10;5
5132;2;0
5133;6;0
5134;10;6
5135;10;2
5136;4;0
5137;8;2
5138;7;0
5139;8;1
5140;6;1
5141;9;1
5142;8;0
5143;5;1
5144;9;2
5145;7;0
5146;10;9
5147;8;0
5148;10;5
5149;8;1
5150;2;0
5151;9;3
5152;1;0
5153;7;0
5154;7;1
5155;5;1
5156;6;0
5157;8;1
5158;9;4
5159;7;1
5160;9;4
5161;3;0
5162;6;0
5163;2;0
5164;3;0
5165;10;3
5166;2;0
5167;9;2
5168;1;0
5169;5;0
5170;1;0
5171;6;0
5172;4;0
5173;3;0
5174;7;0
5175;5;0
5176;3;0
5177;1;0
5178;3;0
5179;2;0
5180;5;0
5181;10;6
5182;10;3
5183;9;2
5184;6;0
5185;7;1
5186;10;4
5187;6;1
5188;10;4
5189;5;0
5190;5;1
5191;7;0
5192;10;8
5193;10;5
5194;9;1
5195;3;0
5196;4;0
5197;6;1
5198;3;0
5199;10;5
5200;6;0
5201;1;0
5202;7;0
5203;5;2
5204;8;1
5205;7;0
5206;5;1
5207;8;3
5208;10;5
5209;3;0
5210;2;0
5211;5;0
5212;5;1
5213;7;0
5214;3;0
5215;9;1
5216;4;0
5217;7;1
5218;6;0
5219;6;0
5220;1;0
5221;6;0
5222;10;5
5223;6;0
5224;1;0
5225;5;0
5226;7;0
5227;5;0
5228;4;0
5229;5;0
5230;1;0
5231;7;1
5232;9;5
5233;4;0
5234;7;1
5235;4;1
5236;4;0
5237;5;0
5238;1;0
5239;10;3
5240;2;0
5241;2;0
5242;7;1
5243;8;2
5244;4;0
5245;10;1
5246;2;0
5247;3;0
5248;8;1
5249;1;0
5250;10;4
5251;7;1
5252;1;0
5253;7;2
5254;10;4
5255;10;5
5256;2;0
5257;1;0
5258;5;0
5259;3;0
5260;10;1
5261;1;0
5262;5;0
5263;6;0
5264;2;0
5265;5;1
5266;7;0
5267;2;0
5268;10;3
5269;9;3
5270;6;0
5271;9;1
5272;7;2
5273;7;1
5274;5;1
5275;9;4
5276;10;2
5277;2;0
5278;3;0
5279;1;0
5280;3;0
5281;4;1
5282;8;2
5283;4;0
5284;5;1
5285;4;0
5286;7;0
5287;3;0
5288;5;0
5289;8;0
5290;3;0
5291;3;0
5292;1;0
5293;9;3
5294;10;5
5295;1;0
5296;8;0
5297;1;0
5298;6;0
5299;9;1
5300;4;0
5301;1;0
5302;3;0
5303;9;3
5304;5;0
5305;1;0
5306;1;0
5307;5;1
5308;3;0
5309;1;0
5310;10;5
5311;10;4
5312;8;1
5313;5;1
5314;1;0
5315;7;0
5316;4;0
5317;1;0
5318;1;0
5319;9;1
5320;9;3
5321;5;1
5322;8;2
5323;3;0
5324;6;0
5325;4;1
5326;9;3
5327;8;1
5328;7;1
5329;4;0
5330;2;0
5331;9;3
5332;7;1
5333;5;0
5334;7;1
5335;2;0
5336;1;0
5337;9;3
5338;10;2
5339;4;0
5340;4;0
5341;3;0
5342;10;4
5343;4;0
5344;8;1
5345;3;0
5346;5;0
5347;7;1
5348;8;1
5349;4;0
5350;8;3
5351;7;0
5352;1;0
5353;8;1
5354;10;9
5355;10;4
5356;4;0
5357;1;0
5358;4;1
5359;2;0
5360;3;0
5361;3;0
5362;8;3
5363;9;3
5364;9;3
5365;2;0
5366;3;0
5367;4;1
5368;8;2
5369;9;1
5370;6;0
5371;6;0
5372;2;0
5373;7;0
5374;5;1
5375;7;2
5376;5;1
5377;4;0
5378;6;0
5379;4;0
5380;9;3
5381;3;0
5382;1;0
5383;4;0
5384;7;0
5385;6;0
5386;9;2
5387;10;5
5388;5;1
5389;8;0
5390;9;4
5391;1;0
5392;6;2
5393;8;1
5394;1;0
5395;1;0
5396;5;0
5397;2;0
5398;6;1
5399;7;0
5400;10;3
5401;2;0
5402;9;3
5403;10;2
5404;8;1
5405;2;0
5406;5;0
5407;4;0
5408;3;0
5409;4;0
5410;6;2
5411;1;0
5412;5;1
5413;10;3
5414;3;0
5415;1;0
5416;3;0
5417;5;0
5418;3;0
5419;4;0
5420;3;0
5421;4;1
5422;9;7
5423;1;0
5424;1;0
5425;5;0
5426;1;0
5427;4;1
5428;6;0
5429;5;0
5430;2;0
5431;4;0
5432;9;5
5433;10;6
5434;4;0
5435;7;1
5436;4;0
5437;1;0
5438;6;0
5439;5;0
5440;1;0
5441;5;0
5442;8;3
5443;2;0
5444;3;0
5445;8;1
5446;6;1
5447;6;0
5448;6;1
5449;1;0
5450;9;4
5451;1;0
5452;9;3
5453;2;0
5454;4;0
5455;7;1
5456;4;0
5457;9;2
5458;10;3
5459;3;1
5460;2;0
5461;1;0
5462;8;2
5463;8;2
5464;3;0
5465;2;0
5466;3;0
5467;6;2
5468;7;0
5469;6;0
5470;7;1
5471;2;0
5472;9;2
5473;9;3
5474;3;0
5475;9;3
5476;7;1
5477;8;2
5478;9;1
5479;3;0
5480;10;5
5481;6;0
5482;9;1
5483;6;0
5484;7;1
5485;1;0
5486;5;0
5487;7;1
5488;6;0
5489;8;2
5490;4;0
5491;6;0
5492;2;0
5493;3;0
5494;3;0
5495;10;5
5496;7;3
5497;10;1
5498;9;3
5499;1;0
5500;6;1
5501;1;0
5502;9;4
5503;10;5
5504;4;0
5505;7;1
5506;3;0
5507;10;3
5508;10;7
5509;5;0
5510;10;4
5511;7;2
5512;10;2
5513;7;0
5514;4;0
5515;7;5
5516;3;0
5517;3;0
5518;2;0
5519;3;0
5520;8;4
5521;7;0
5522;10;3
5523;10;5
5524;3;0
5525;2;0
5526;10;6
5527;6;1
5528;6;0
5529;4;0
5530;2;0
5531;8;4
5532;9;3
5533;9;4
5534;7;1
5535;9;3
5536;7;0
5537;10;4
5538;2;0
5539;10;4
5540;9;7
5541;5;0
5542;7;2
5543;1;0
5544;8;3
5545;7;0
5546;7;1
5547;5;0
5548;10;4
5549;7;0
5550;8;2
5551;5;1
5552;8;0
5553;7;1
5554;4;0
5555;10;5
5556;2;0
5557;10;4
5558;8;2
5559;3;0
5560;7;1
5561;7;0
5562;5;0
5563;7;0
5564;4;0
5565;3;0
5566;8;2
5567;2;0
5568;1;0
5569;6;0
5570;10;5
5571;3;0
5572;1;0
5573;2;0
5574;5;0
5575;3;0
5576;10;3
5577;9;4
5578;2;0
5579;6;0
5580;6;2
5581;5;0
5582;7;0
5583;9;2
5584;6;1
5585;8;0
5586;10;4
5587;3;0
5588;6;1
5589;8;4
5590;8;4
5591;8;0
5592;3;0
5593;10;7
5594;4;0
5595;2;0
5596;1;0
5597;1;0
5598;8;0
5599;6;0
5600;9;3
5601;5;0
5602;5;0
5603;4;0
5604;8;0
5605;5;0
5606;4;0
5607;7;3
5608;2;0
5609;1;0
5610;1;0
5611;3;0
5612;8;6
5613;2;0
5614;8;1
5615;2;0
5616;1;0
5617;6;0
5618;1;0
5619;6;1
5620;3;0
5621;6;0
5622;7;3
5623;4;0
5624;9;1
5625;2;0
5626;1;0
5627;1;0
5628;9;2
5629;3;0
5630;2;0
5631;9;2
5632;1;0
5633;7;0
5634;7;0
5635;1;0
5636;1;0
5637;3;0
5638;1;0
5639;2;0
5640;4;0
5641;4;0
5642;1;0
5643;5;0
5644;7;0
5645;5;0
5646;10;3
5647;1;0
5648;3;0
5649;2;0
5650;1;0
5651;5;1
5652;1;0
5653;2;0
5654;3;0
5655;4;0
5656;9;2
5657;2;0
5658;6;0
5659;6;0
5660;4;0
5661;3;0
5662;8;0
5663;9;0
5664;10;2
5665;2;0
5666;2;0
5667;2;0
5668;6;0
5669;7;1
5670;2;0
5671;8;3
5672;6;2
5673;9;1
5674;3;0
5675;10;0
5676;5;1
5677;3;0
5678;7;2
5679;4;0
5680;2;0
5681;1;0
5682;9;5
5683;8;0
5684;3;0
5685;8;2
5686;8;5
5687;10;4
5688;4;0
5689;3;0
5690;3;0
5691;9;1
5692;7;1
5693;5;0
5694;8;3
5695;2;0
5696;6;0
5697;2;0
5698;5;0
5699;5;0
5700;3;0
5701;9;2
5702;6;0
5703;7;1
5704;10;4
5705;4;0
5706;10;1
5707;2;0
5708;10;4
5709;4;1
5710;9;4
5711;7;1
5712;5;0
5713;3;0
5714;5;0
5715;4;0
5716;5;0
5717;1;0
5718;7;0
5719;3;0
5720;5;1
5721;3;0
5722;9;1
5723;3;0
5724;5;1
5725;4;0
5726;1;0
5727;1;0
5728;2;0
5729;1;0
5730;5;0
5731;4;0
5732;8;2
5733;2;0
5734;1;0
5735;4;0
5736;5;1
5737;3;0
5738;8;4
5739;9;2
5740;8;2
5741;6;0
5742;10;7
5743;10;6
5744;5;0
5745;7;1
5746;4;0
5747;5;0
5748;1;0
5749;5;0
5750;7;0
5751;5;0
5752;5;0
5753;3;0
5754;1;0
5755;10;1
5756;10;2
5757;3;0
5758;2;0
5759;7;2
5760;3;0
5761;9;2
5762;1;0
5763;9;4
5764;10;5
5765;6;0
5766;10;6
5767;4;0
5768;2;0
5769;1;0
5770;9;2
5771;3;0
5772;4;0
5773;9;1
5774;5;0
5775;9;3
5776;4;0
5777;10;1
5778;9;3
5779;9;4
5780;10;1
5781;7;0
5782;10;4
5783;7;0
5784;5;1
5785;10;8
5786;9;2
5787;5;0
5788;2;0
5789;1;0
5790;5;0
5791;2;0
5792;1;0
5793;2;0
5794;7;0
5795;10;5
5796;5;0
5797;1;0
5798;10;2
5799;9;2
5800;7;1
5801;1;0
5802;4;0
5803;1;0
5804;6;0
5805;5;0
5806;2;0
5807;7;2
5808;9;1
5809;2;0
5810;7;1
5811;1;0
5812;5;0
5813;4;0
5814;8;0
5815;7;1
5816;10;2
5817;5;0
5818;5;0
5819;10;8
5820;8;1
5821;5;0
5822;2;0
5823;1;0
5824;7;1
5825;7;1
5826;2;0
5827;3;0
5828;2;0
5829;6;1
5830;5;0
5831;3;0
5832;10;6
5833;1;0
5834;2;0
5835;9;1
5836;3;0
5837;10;2
5838;2;0
5839;10;4
5840;9;6
5841;2;0
5842;6;0
5843;10;0
5844;5;0
5845;4;0
5846;8;3
5847;7;0
5848;4;0
5849;10;2
5850;10;3
5851;1;0
5852;7;0
5853;10;2
5854;1;0
5855;2;0
5856;9;3
5857;3;0
5858;4;0
5859;9;1
5860;3;0
5861;9;1
5862;5;0
5863;4;0
5864;8;0
5865;4;0
5866;2;0
5867;5;0
5868;3;0
5869;9;4
5870;4;0
5871;10;6
5872;3;0
5873;5;0
5874;2;0
5875;7;1
5876;10;1
5877;3;0
5878;6;0
5879;3;0
5880;10;2
5881;6;0
5882;9;1
5883;3;0
5884;6;0
5885;4;0
5886;7;0
5887;10;4
5888;10;4
5889;10;7
5890;10;3
5891;1;0
5892;6;1
5893;3;0
5894;8;1
5895;10;4
5896;7;1
5897;3;0
5898;3;0
5899;1;0
5900;3;0
5901;3;0
5902;5;1
5903;6;0
5904;7;0
5905;1;0
5906;8;1
5907;2;0
5908;9;0
5909;5;0
5910;3;0
5911;7;1
5912;7;1
5913;2;0
5914;10;3
5915;8;2
5916;1;0
5917;3;0
5918;8;1
5919;4;0
5920;7;0
5921;3;0
5922;6;0
5923;3;0
5924;9;0
5925;4;0
5926;4;0
5927;1;0
5928;8;3
5929;2;0
5930;10;5
5931;7;2
5932;10;4
5933;5;0
5934;1;0
5935;7;0
5936;1;0
5937;3;0
5938;6;0
5939;5;0
5940;7;1
5941;5;0
5942;1;0
5943;5;0
5944;7;2
5945;4;0
5946;4;0
5947;5;1
5948;4;0
5949;10;4
5950;10;3
5951;4;0
5952;5;0
5953;9;2
5954;4;0
5955;1;0
5956;8;0
5957;2;0
5958;7;2
5959;3;0
5960;7;0
5961;8;2
5962;5;0
5963;8;2
5964;5;0
5965;7;0
5966;7;3
5967;2;0
5968;1;0
5969;3;0
5970;7;1
5971;8;5
5972;7;0
5973;3;0
5974;8;0
5975;3;0
5976;2;0
5977;1;0
5978;7;0
5979;6;2
5980;10;8
5981;10;4
5982;8;1
5983;9;1
5984;3;0
5985;7;0
5986;2;0
5987;2;0
5988;1;0
5989;1;0
5990;9;4
5991;10;5
5992;7;0
5993;4;0
5994;9;2
5995;9;2
5996;1;0
5997;4;0
5998;1;0
5999;1;0
6000;7;1
6001;2;0
6002;4;0
6003;1;0
6004;3;0
6005;2;0
6006;7;3
6007;2;0
6008;2;0
6009;2;0
6010;9;1
6011;8;4
6012;6;1
6013;1;0
6014;3;0
6015;7;2
6016;1;0
6017;7;0
6018;5;0
6019;9;1
6020;5;0
6021;6;0
6022;1;0
6023;1;0
6024;5;0
6025;8;1
6026;2;0
6027;4;0
6028;5;0
6029;9;3
6030;2;0
6031;8;1
6032;1;0
6033;6;0
6034;9;3
6035;9;4
6036;6;1
6037;8;0
6038;6;0
6039;2;0
6040;10;4
6041;10;5
6042;10;4
6043;10;3
6044;2;0
6045;2;0
6046;4;0
6047;6;2
6048;1;0
6049;2;0
6050;9;2
6051;5;0
6052;9;0
6053;2;0
6054;7;1
6055;2;0
6056;2;0
6057;4;0
6058;6;1
6059;5;1
6060;1;0
6061;3;0
6062;8;2
6063;3;0
6064;1;0
6065;1;0
6066;8;1
6067;1;0
6068;3;0
6069;5;1
6070;2;0
6071;4;0
6072;1;0
6073;4;1
6074;10;2
6075;5;1
6076;6;0
6077;2;0
6078;9;2
6079;4;1
6080;4;0
6081;6;0
6082;4;0
6083;3;0
6084;10;7
6085;7;1
6086;9;3
6087;9;2
6088;10;2
6089;8;1
6090;8;1
6091;2;0
6092;2;0
6093;1;0
6094;1;0
6095;7;1
6096;3;0
6097;8;0
6098;9;1
6099;1;0
6100;4;0
6101;4;0
6102;4;0
6103;6;1
6104;1;0
6105;6;0
6106;5;0
6107;6;0
6108;3;0
6109;2;0
6110;6;1
6111;10;6
6112;6;0
6113;3;0
6114;1;0
6115;5;0
6116;10;1
6117;5;0
6118;4;0
6119;4;0
6120;3;0
6121;9;1
6122;1;0
6123;5;0
6124;8;4
6125;10;5
6126;2;0
6127;10;3
6128;3;0
6129;3;0
6130;3;0
6131;9;4
6132;4;0
6133;8;0
6134;10;6
6135;1;0
6136;2;0
6137;8;1
6138;3;0
6139;4;0
6140;3;0
6141;4;0
6142;7;0
6143;8;4
6144;2;0
6145;8;0
6146;7;0
6147;9;6
6148;10;2
6149;7;0
6150;8;2
6151;8;2
6152;4;0
6153;5;0
6154;9;2
6155;6;0
6156;3;0
6157;10;3
6158;9;3
6159;1;0
6160;5;0
6161;5;0
6162;4;0
6163;10;4
6164;9;1
6165;8;1
6166;7;1
6167;8;0
6168;4;0
6169;1;0
6170;4;0
6171;2;0
6172;2;0
6173;10;2
6174;2;0
6175;9;0
6176;2;0
6177;4;0
6178;4;0
6179;10;3
6180;4;0
6181;3;0
6182;10;4
6183;7;1
6184;6;1
6185;5;0
6186;5;0
6187;9;4
6188;9;2
6189;4;0
6190;8;1
6191;3;0
6192;10;5
6193;3;0
6194;10;2
6195;8;2
6196;1;0
6197;8;3
6198;9;2
6199;5;0
6200;2;0
6201;9;0
6202;6;0
6203;10;9
6204;4;0
6205;6;0
6206;6;1
6207;5;1
6208;3;0
6209;1;0
6210;4;0
6211;10;5
6212;7;4
6213;9;7
6214;8;0
6215;2;0
6216;6;3
6217;7;3
6218;5;0
6219;4;0
6220;3;0
6221;8;5
6222;10;3
6223;10;3
6224;4;0
6225;1;0
6226;3;0
6227;10;2
6228;10;1
6229;4;0
6230;9;2
6231;5;0
6232;5;0
6233;9;4
6234;9;5
6235;5;0
6236;8;1
6237;1;0
6238;4;0
6239;1;0
6240;9;2
6241;1;0
6242;6;1
6243;9;2
6244;10;4
6245;8;2
6246;7;1
6247;2;0
6248;5;0
6249;9;3
6250;3;0
6251;4;0
6252;4;0
6253;5;0
6254;2;0
6255;4;0
6256;10;5
6257;7;1
6258;6;1
6259;3;0
6260;3;0
6261;7;1
6262;5;1
6263;10;3
6264;2;0
6265;10;7
6266;6;0
6267;8;2
6268;1;0
6269;3;0
6270;5;1
6271;5;0
6272;4;0
6273;4;0
6274;6;1
6275;3;0
6276;2;0
6277;1;0
6278;10;2
6279;7;2
6280;4;0
6281;2;0
6282;5;0
6283;2;0
6284;2;0
6285;6;1
6286;2;0
6287;10;0
6288;7;1
6289;5;0
6290;6;0
6291;1;0
6292;5;0
6293;1;0
6294;8;4
6295;3;0
6296;6;0
6297;7;1
6298;8;0
6299;1;0
6300;3;0
6301;10;2
6302;1;0
6303;3;0
6304;5;0
6305;9;1
6306;10;8
6307;10;3
6308;10;6
6309;10;0
6310;3;0
6311;10;2
6312;7;1
6313;10;6
6314;9;2
6315;2;0
6316;3;0
6317;3;0
6318;8;2
6319;7;2
6320;9;0
6321;6;0
6322;1;0
6323;6;1
6324;7;1
6325;4;0
6326;10;3
6327;4;0
6328;6;0
6329;3;0
6330;7;0
6331;6;0
6332;4;0
6333;10;2
6334;4;0
6335;5;0
6336;1;0
6337;2;0
6338;8;0
6339;4;0
6340;6;0
6341;2;0
6342;10;3
6343;8;1
6344;3;0
6345;7;0
6346;4;0
6347;6;0
6348;2;0
6349;7;1
6350;1;0
6351;4;0
6352;9;6
6353;1;0
6354;3;0
6355;7;0
6356;9;3
6357;6;1
6358;6;2
6359;1;0
6360;9;3
6361;7;1
6362;4;0
6363;7;2
6364;4;0
6365;7;2
6366;6;0
6367;8;1
6368;6;0
6369;5;0
6370;2;0
6371;1;0
6372;6;0
6373;5;0
6374;2;0
6375;7;1
6376;6;0
6377;4;0
6378;4;0
6379;1;0
6380;10;5
6381;5;1
6382;2;0
6383;10;3
6384;3;0
6385;4;0
6386;7;0
6387;3;0
6388;7;2
6389;7;1
6390;6;1
6391;6;0
6392;7;2
6393;7;0
6394;5;0
6395;9;5
6396;9;2
6397;3;0
6398;4;0
6399;6;1
6400;1;0
6401;6;1
6402;10;2
6403;7;0
6404;6;0
6405;10;5
6406;8;4
6407;5;0
6408;10;5
6409;7;1
6410;2;0
6411;6;0
6412;2;0
6413;6;0
6414;2;0
6415;5;1
6416;5;1
6417;5;1
6418;5;0
6419;1;0
6420;1;0
6421;4;0
6422;1;0
6423;9;2
6424;9;2
6425;6;0
6426;5;0
6427;9;2
6428;10;9
6429;3;0
6430;9;5
6431;3;0
6432;10;6
6433;8;3
6434;10;2
6435;4;0
6436;5;0
6437;5;1
6438;5;0
6439;3;0
6440;6;1
6441;2;0
6442;4;0
6443;1;0
6444;6;0
6445;1;0
6446;4;0
6447;1;0
6448;6;1
6449;1;0
6450;5;0
6451;4;0
6452;9;3
6453;4;0
6454;6;1
6455;8;2
6456;6;1
6457;1;0
6458;9;3
6459;10;3
6460;6;0
6461;10;2
6462;5;1
6463;8;6
6464;8;3
6465;9;4
6466;6;0
6467;4;0
6468;6;1
6469;8;2
6470;10;3
6471;10;4
6472;1;0
6473;2;0
6474;6;0
6475;9;0
6476;10;5
6477;1;0
6478;3;0
6479;9;1
6480;3;0
6481;4;0
6482;3;0
6483;10;2
6484;8;1
6485;5;0
6486;5;0
6487;7;0
6488;3;0
6489;2;0
6490;9;3
6491;4;0
6492;7;0
6493;5;0
6494;8;1
6495;6;0
6496;8;1
6497;6;0
6498;3;0
6499;8;3
6500;5;0
6501;10;1
6502;5;0
6503;9;5
6504;1;0
6505;5;0
6506;4;1
6507;8;0
6508;9;3
6509;7;2
6510;8;0
6511;6;1
6512;8;1
6513;10;4
6514;7;2
6515;3;0
6516;7;3
6517;6;2
6518;10;5
6519;4;0
6520;4;0
6521;10;3
6522;1;0
6523;5;0
6524;9;1
6525;7;0
6526;4;0
6527;6;0
6528;5;1
6529;10;6
6530;2;0
6531;4;0
6532;8;3
6533;6;0
6534;5;0
6535;3;0
6536;9;2
6537;5;0
6538;9;1
6539;4;1
6540;1;0
6541;8;2
6542;9;6
6543;7;2
6544;5;0
6545;4;0
6546;6;0
6547;8;2
6548;8;0
6549;6;0
6550;10;4
6551;2;0
6552;7;0
6553;10;3
6554;4;0
6555;5;0
6556;9;5
6557;1;0
6558;10;3
6559;5;0
6560;2;0
6561;9;1
6562;3;0
6563;9;0
6564;6;0
6565;4;0
6566;8;2
6567;3;0
6568;6;0
6569;5;0
6570;4;0
6571;3;0
6572;8;0
6573;6;2
6574;4;0
6575;7;0
6576;2;0
6577;5;1
6578;1;0
6579;5;1
6580;1;0
6581;6;1
6582;8;4
6583;10;2
6584;1;0
6585;10;3
6586;8;2
6587;9;5
6588;2;0
6589;10;2
6590;4;0
6591;9;1
6592;5;0
6593;5;0
6594;3;0
6595;3;0
6596;5;0
6597;10;1
6598;1;0
6599;1;0
6600;6;0
6601;4;0
6602;3;0
6603;4;0
6604;2;0
6605;7;2
6606;5;0
6607;1;0
6608;6;0
6609;8;1
6610;4;1
6611;5;0
6612;1;0
6613;5;1
6614;4;0
6615;6;0
6616;1;0
6617;4;0
6618;9;4
6619;6;1
6620;7;1
6621;10;2
6622;2;0
6623;6;0
6624;1;0
6625;6;0
6626;9;3
6627;4;0
6628;4;0
6629;1;0
6630;3;0
6631;3;0
6632;5;0
6633;10;4
6634;10;3
6635;8;2
6636;4;0
6637;5;0
6638;8;0
6639;4;0
6640;6;0
6641;7;2
6642;3;0
6643;5;1
6644;7;0
6645;10;5
6646;8;1
6647;10;5
6648;1;0
6649;7;2
6650;3;0
6651;1;0
6652;1;0
6653;6;1
6654;4;0
6655;6;2
6656;2;0
6657;7;1
6658;4;0
6659;7;1
6660;9;1
6661;2;0
6662;8;3
6663;6;0
6664;5;0
6665;2;0
6666;10;9
6667;1;0
6668;6;0
6669;7;0
6670;3;0
6671;7;1
6672;7;0
6673;5;0
6674;1;0
6675;10;5
6676;8;3
6677;7;0
6678;10;6
6679;1;0
6680;8;1
6681;9;3
6682;3;0
6683;7;1
6684;9;2
6685;2;0
6686;2;0
6687;9;2
6688;7;0
6689;4;0
6690;6;0
6691;7;1
6692;2;1
6693;2;0
6694;6;0
6695;5;1
6696;10;3
6697;7;0
6698;10;4
6699;5;0
6700;10;6
6701;7;1
6702;4;0
6703;4;0
6704;5;1
6705;7;0
6706;5;0
6707;7;0
6708;6;1
6709;4;0
6710;9;3
6711;5;0
6712;7;0
6713;3;0
6714;9;4
6715;10;9
6716;9;2
6717;1;0
6718;8;3
6719;4;1
6720;10;3
6721;2;0
6722;5;0
6723;3;0
6724;1;0
6725;6;0
6726;6;1
6727;5;0
6728;10;5
6729;6;0
6730;1;0
6731;2;0
6732;8;1
6733;5;0
6734;1;0
6735;1;0
6736;5;0
6737;9;2
6738;2;0
6739;3;0
6740;8;4
6741;6;2
6742;4;0
6743;3;0
6744;6;2
6745;1;0
6746;1;0
6747;9;2
6748;4;0
6749;6;0
6750;6;0
6751;9;1
6752;10;7
6753;7;1
6754;6;0
6755;9;1
6756;3;0
6757;2;0
6758;3;0
6759;10;1
6760;2;0
6761;10;5
6762;7;1
6763;10;5
6764;4;0
6765;7;0
6766;8;6
6767;2;0
6768;2;0
6769;8;0
6770;5;0
6771;10;5
6772;10;3
6773;5;0
6774;6;1
6775;5;0
6776;8;1
6777;3;0
6778;7;1
6779;1;0
6780;6;0
6781;7;0
6782;2;0
6783;4;0
6784;1;0
6785;2;0
6786;2;0
6787;1;0
6788;10;3
6789;3;0
6790;9;2
6791;4;0
6792;7;0
6793;2;0
6794;2;0
6795;8;0
6796;9;2
6797;5;0
6798;10;4
6799;9;4
6800;4;0
6801;9;4
6802;7;0
6803;6;2
6804;1;0
6805;6;0
6806;10;7
6807;5;1
6808;1;0
6809;1;0
6810;1;0
6811;1;0
6812;5;0
6813;3;0
6814;5;0
6815;5;1
6816;9;3
6817;3;0
6818;9;4
6819;2;0
6820;6;1
6821;7;0
6822;3;0
6823;10;5
6824;9;2
6825;2;0
6826;4;0
6827;8;0
6828;4;0
6829;9;3
6830;6;1
6831;4;0
6832;3;0
6833;9;0
6834;8;1
6835;8;1
6836;10;5
6837;7;0
6838;4;0
6839;5;0
6840;3;0
6841;7;1
6842;1;0
6843;10;7
6844;2;0
6845;9;3
6846;9;3
6847;4;0
6848;8;2
6849;7;0
6850;10;4
6851;6;1
6852;6;1
6853;8;4
6854;3;0
6855;7;0
6856;6;0
6857;8;1
6858;7;0
6859;10;5
6860;3;0
6861;2;0
6862;1;0
6863;3;0
6864;5;0
6865;8;0
6866;8;2
6867;7;1
6868;6;1
6869;8;1
6870;5;0
6871;2;0
6872;10;9
6873;5;0
6874;9;3
6875;10;6
6876;7;1
6877;4;0
6878;8;1
6879;1;0
6880;4;0
6881;1;0
6882;1;0
6883;8;2
6884;9;2
6885;1;0
6886;8;1
6887;6;1
6888;6;0
6889;1;0
6890;2;0
6891;2;0
6892;10;4
6893;4;0
6894;3;0
6895;1;0
6896;6;0
6897;8;0
6898;5;0
6899;4;0
6900;1;0
6901;2;0
6902;8;4
6903;10;1
6904;2;0
6905;8;0
6906;6;0
6907;2;0
6908;10;5
6909;4;0
6910;10;2
6911;3;0
6912;10;5
6913;6;1
6914;7;2
6915;3;0
6916;2;0
6917;4;0
6918;4;0
6919;5;0
6920;10;3
6921;3;0
6922;2;0
6923;5;0
6924;7;0
6925;3;0
6926;3;0
6927;6;0
6928;3;0
6929;8;1
6930;4;0
6931;9;2
6932;9;5
6933;5;1
6934;10;3
6935;2;0
6936;3;0
6937;1;0
6938;6;0
6939;2;0
6940;5;1
6941;7;0
6942;6;1
6943;2;0
6944;2;0
6945;9;1
6946;3;0
6947;4;0
6948;8;0
6949;10;6
6950;10;5
6951;3;0
6952;5;0
6953;10;1
6954;5;0
6955;9;0
6956;1;0
6957;4;0
6958;4;0
6959;9;3
6960;6;0
6961;10;4
6962;10;5
6963;2;0
6964;10;4
6965;1;0
6966;4;0
6967;6;0
6968;7;0
6969;5;0
6970;1;0
6971;1;0
6972;8;0
6973;2;0
6974;1;0
6975;3;0
6976;7;0
6977;10;3
6978;4;1
6979;8;3
6980;1;0
6981;9;2
6982;9;7
6983;3;0
6984;9;3
6985;2;0
6986;5;0
6987;10;3
6988;10;3
6989;2;0
6990;1;0
6991;9;3
6992;7;2
6993;7;1
6994;7;1
6995;5;0
6996;8;3
6997;5;1
6998;2;0
6999;1;0
7000;6;1
7001;7;1
7002;8;2
7003;3;0
7004;10;1
7005;9;0
7006;5;0
7007;3;0
7008;10;4
7009;2;0
7010;3;0
7011;2;0
7012;1;0
7013;7;0
7014;9;2
7015;7;0
7016;2;0
7017;7;0
7018;4;0
7019;9;3
7020;6;1
7021;5;0
7022;7;2
7023;5;0
7024;4;0
7025;2;0
7026;4;0
7027;1;0
7028;6;0
7029;6;1
7030;6;1
7031;3;0
7032;8;1
7033;3;0
7034;3;0
7035;5;0
7036;2;0
7037;6;1
7038;3;0
7039;10;7
7040;8;1
7041;3;0
7042;10;3
7043;9;2
7044;10;4
7045;10;3
7046;9;4
7047;1;0
7048;9;1
7049;1;0
7050;3;0
7051;1;0
7052;1;0
7053;4;0
7054;5;0
7055;1;0
7056;1;0
7057;3;0
7058;10;4
7059;9;3
7060;5;0
7061;4;0
7062;8;0
7063;4;0
7064;7;1
7065;10;7
7066;4;0
7067;8;0
7068;4;0
7069;4;0
7070;5;0
7071;7;0
7072;5;1
7073;5;1
7074;2;0
7075;4;0
7076;5;0
7077;8;1
7078;6;1
7079;5;0
7080;3;0
7081;4;0
7082;3;0
7083;6;1
7084;4;1
7085;5;0
7086;2;0
7087;4;0
7088;9;1
7089;2;0
7090;5;0
7091;9;1
7092;7;0
7093;4;0
7094;5;0
7095;4;0
7096;6;0
7097;6;0
7098;3;0
7099;10;7
7100;6;0
7101;2;0
7102;7;0
7103;6;0
7104;6;0
7105;7;1
7106;7;1
7107;7;1
7108;3;0
7109;1;0
7110;6;0
7111;3;1
7112;8;0
7113;5;0
7114;6;0
7115;2;0
7116;2;0
7117;3;0
7118;1;0
7119;3;0
7120;8;1
7121;1;0
7122;10;3
7123;3;0
7124;10;1
7125;7;1
7126;10;5
7127;1;0
7128;10;3
7129;8;2
7130;9;1
7131;9;4
7132;6;0
7133;6;0
7134;9;4
7135;2;0
7136;7;1
7137;7;1
7138;10;5
7139;7;1
7140;8;2
7141;6;0
7142;2;0
7143;8;0
7144;6;1
7145;2;0
7146;2;0
7147;2;0
7148;9;2
7149;3;0
7150;3;0
7151;4;0
7152;6;1
7153;1;0
7154;2;0
7155;6;0
7156;2;0
7157;5;0
7158;6;0
7159;10;6
7160;7;5
7161;6;0
7162;7;1
7163;5;0
7164;3;0
7165;7;0
7166;8;0
7167;2;0
7168;7;2
7169;4;0
7170;6;1
7171;5;0
7172;3;0
7173;5;0
7174;5;0
7175;3;0
7176;9;2
7177;2;0
7178;7;0
7179;9;5
7180;5;0
7181;9;2
7182;3;0
7183;7;1
7184;6;0
7185;6;0
7186;4;0
7187;6;0
7188;4;0
7189;3;0
7190;10;2
7191;2;0
7192;1;0
7193;10;7
7194;10;9
7195;3;0
7196;9;1
7197;7;2
7198;6;2
7199;9;2
7200;4;0
7201;10;6
7202;5;0
7203;5;0
7204;8;0
7205;8;2
7206;1;0
7207;1;0
7208;6;0
7209;10;7
7210;7;1
7211;1;0
7212;9;2
7213;8;1
7214;5;0
7215;9;2
7216;4;0
7217;10;2
7218;10;0
7219;7;2
7220;4;0
7221;3;0
7222;8;0
7223;4;0
7224;5;0
7225;5;1
7226;4;0
7227;3;0
7228;5;0
7229;3;0
7230;4;0
7231;2;0
7232;7;1
7233;8;1
7234;5;0
7235;6;1
7236;4;0
7237;8;1
7238;10;7
7239;8;2
7240;5;0
7241;4;0
7242;10;7
7243;5;0
7244;6;1
7245;10;7
7246;3;0
7247;4;0
7248;6;0
7249;1;0
7250;9;7
7251;9;2
7252;8;2
7253;9;1
7254;6;1
7255;2;0
7256;2;0
7257;1;0
7258;1;0
7259;4;0
7260;4;0
7261;9;5
7262;6;1
7263;4;0
7264;6;1
7265;6;0
7266;4;0
7267;2;0
7268;4;0
7269;9;1
7270;6;0
7271;7;0
7272;1;0
7273;2;0
7274;2;0
7275;10;4
7276;3;0
7277;4;0
7278;9;2
7279;5;1
7280;2;0
7281;1;0
7282;8;2
7283;4;0
7284;4;0
7285;5;0
7286;5;0
7287;9;1
7288;2;0
7289;3;0
7290;5;0
7291;3;0
7292;8;2
7293;6;0
7294;4;0
7295;7;1
7296;8;2
7297;6;2
7298;9;1
7299;1;0
7300;7;0
7301;2;0
7302;10;6
7303;7;0
7304;6;0
7305;3;0
7306;9;3
7307;7;1
7308;7;0
7309;6;1
7310;9;5
7311;8;4
7312;3;0
7313;6;1
7314;3;0
7315;4;0
7316;1;0
7317;3;0
7318;10;3
7319;1;0
7320;2;0
7321;5;0
7322;10;5
7323;1;0
7324;5;0
7325;3;0
7326;10;5
7327;5;0
7328;8;5
7329;5;0
7330;3;0
7331;8;0
7332;5;0
7333;8;2
7334;9;2
7335;10;2
7336;1;0
7337;1;0
7338;8;4
7339;2;0
7340;7;2
7341;9;0
7342;2;0
7343;7;0
7344;4;0
7345;7;0
7346;10;2
7347;2;0
7348;4;0
7349;1;0
7350;6;1
7351;6;0
7352;7;2
7353;9;3
7354;10;6
7355;2;0
7356;3;0
7357;10;1
7358;2;0
7359;4;0
7360;4;0
7361;4;1
7362;9;1
7363;2;0
7364;3;0
7365;2;0
7366;4;0
7367;5;1
7368;8;1
7369;3;1
7370;3;0
7371;1;0
7372;5;0
7373;9;2
7374;5;0
7375;4;0
7376;4;0
7377;4;1
7378;7;2
7379;9;1
7380;3;0
7381;8;0
7382;1;0
7383;8;2
7384;9;2
7385;8;1
7386;2;0
7387;7;0
7388;9;2
7389;7;0
7390;7;0
7391;2;0
7392;9;1
7393;5;0
7394;9;1
7395;3;0
7396;10;1
7397;10;3
7398;4;1
7399;3;0
7400;3;0
7401;5;1
7402;4;0
7403;2;0
7404;8;2
7405;6;1
7406;1;0
7407;9;3
7408;4;0
7409;7;3
7410;9;5
7411;10;7
7412;3;0
7413;4;0
7414;1;0
7415;6;0
7416;4;0
7417;2;0
7418;4;0
7419;6;0
7420;1;0
7421;8;1
7422;7;0
7423;2;0
7424;6;0
7425;2;0
7426;2;0
7427;10;4
7428;10;3
7429;3;0
7430;4;0
7431;4;0
7432;10;3
7433;5;0
7434;6;1
7435;8;1
7436;5;0
7437;10;4
7438;10;4
7439;4;1
7440;7;1
7441;4;0
7442;3;0
7443;3;0
7444;8;1
7445;8;1
7446;10;4
7447;6;1
7448;4;0
7449;4;0
7450;10;4
7451;9;0
7452;7;0
7453;9;6
7454;2;0
7455;6;0
7456;9;1
7457;3;0
7458;6;2
7459;6;0
7460;5;0
7461;2;0
7462;9;2
7463;2;0
7464;3;0
7465;6;0
7466;10;2
7467;8;2
7468;8;1
7469;4;0
7470;1;0
7471;4;0
7472;2;0
7473;10;4
7474;9;2
7475;8;1
7476;5;0
7477;5;1
7478;4;0
7479;9;3
7480;3;0
7481;6;1
7482;6;0
7483;6;2
7484;3;0
7485;6;0
7486;7;1
7487;2;0
7488;3;0
7489;1;0
7490;10;2
7491;3;0
7492;5;0
7493;4;0
7494;9;1
7495;6;0
7496;5;1
7497;2;0
7498;10;7
7499;3;0
7500;8;3
7501;2;0
7502;9;2
7503;1;0
7504;3;0
7505;6;1
7506;7;1
7507;7;1
7508;1;0
7509;5;0
7510;2;0
7511;4;0
7512;9;1
7513;7;0
7514;4;0
7515;9;1
7516;6;0
7517;3;0
7518;9;4
7519;8;0
7520;9;4
7521;8;1
7522;6;0
7523;7;0
7524;4;0
7525;9;5
7526;10;1
7527;8;0
7528;1;0
7529;3;0
7530;3;0
7531;4;0
7532;6;0
7533;2;0
7534;1;0
7535;1;0
7536;7;1
7537;5;0
7538;4;1
7539;7;0
7540;10;0
7541;10;3
7542;2;0
7543;8;1
7544;10;4
7545;6;0
7546;5;0
7547;8;2
7548;10;1
7549;1;0
7550;10;4
7551;2;0
7552;3;0
7553;3;0
7554;5;0
7555;1;0
7556;7;2
7557;2;0
7558;8;0
7559;5;0
7560;7;1
7561;9;2
7562;6;1
7563;8;1
7564;2;0
7565;9;1
7566;9;3
7567;8;1
7568;7;3
7569;4;0
7570;3;0
7571;2;0
7572;10;5
7573;3;0
7574;9;3
7575;9;1
7576;6;0
7577;8;0
7578;8;0
7579;9;0
7580;5;0
7581;2;0
7582;8;1
7583;1;0
7584;3;0
7585;2;0
7586;1;0
7587;4;0
7588;7;3
7589;1;0
7590;5;0
7591;5;0
7592;8;4
7593;9;3
7594;10;7
7595;1;0
7596;4;0
7597;5;0
7598;7;0
7599;2;0
7600;7;2
7601;7;0
7602;2;0
7603;7;1
7604;8;1
7605;9;2
7606;3;0
7607;1;0
7608;4;0
7609;6;0
7610;5;1
7611;10;4
7612;5;0
7613;9;4
7614;1;0
7615;6;0
7616;1;0
7617;6;2
7618;5;0
7619;1;0
7620;8;3
7621;6;1
7622;1;0
7623;6;0
7624;10;4
7625;8;3
7626;4;0
7627;2;0
7628;3;0
7629;8;1
7630;5;0
7631;2;0
7632;1;0
7633;7;1
7634;2;0
7635;8;2
7636;10;1
7637;2;0
7638;4;0
7639;5;1
7640;9;1
7641;1;0
7642;10;2
7643;2;0
7644;6;1
7645;5;0
7646;1;0
7647;10;2
7648;9;2
7649;5;0
7650;10;5
7651;9;3
7652;10;3
7653;6;1
7654;4;0
7655;2;0
7656;7;1
7657;6;0
7658;8;2
7659;1;0
7660;6;0
7661;2;0
7662;8;2
7663;7;1
7664;1;0
7665;3;0
7666;9;0
7667;8;1
7668;7;0
7669;3;0
7670;7;0
7671;10;1
7672;3;0
7673;1;0
7674;2;0
7675;7;1
7676;7;1
7677;9;3
7678;10;4
7679;5;0
7680;8;2
7681;5;2
7682;3;0
7683;9;2
7684;8;2
7685;7;0
7686;3;0
7687;6;2
7688;3;0
7689;1;0
7690;1;0
7691;4;0
7692;5;0
7693;3;0
7694;9;2
7695;8;1
7696;3;0
7697;4;0
7698;1;0
7699;4;0
7700;7;0
7701;3;0
7702;3;0
7703;6;1
7704;9;3
7705;1;0
7706;7;1
7707;9;4
7708;5;0
7709;8;2
7710;5;1
7711;8;5
7712;7;0
7713;3;0
7714;4;0
7715;1;0
7716;9;5
7717;10;9
7718;9;6
7719;5;0
7720;1;0
7721;4;0
7722;6;0
7723;7;0
7724;2;0
7725;3;0
7726;5;0
7727;10;7
7728;3;0
7729;4;0
7730;5;0
7731;4;0
7732;8;0
7733;7;0
7734;9;2
7735;5;0
7736;3;0
7737;8;2
7738;1;0
7739;7;1
7740;10;2
7741;4;0
7742;1;0
7743;6;0
7744;6;1
7745;4;0
7746;8;2
7747;2;0
7748;10;6
7749;8;3
7750;10;4
7751;3;0
7752;5;0
7753;7;0
7754;3;0
7755;3;0
7756;8;1
7757;6;0
7758;4;0
7759;6;1
7760;6;0
7761;8;2
7762;7;0
7763;1;0
7764;4;0
7765;2;0
7766;10;3
7767;10;1
7768;5;0
7769;9;1
7770;9;0
7771;1;0
7772;10;0
7773;2;0
7774;6;0
7775;7;1
7776;3;0
7777;10;2
7778;1;0
7779;9;1
7780;6;0
7781;4;0
7782;10;7
7783;5;1
7784;5;0
7785;2;0
7786;9;4
7787;2;0
7788;4;0
7789;6;0
7790;8;1
7791;7;1
7792;5;0
7793;5;0
7794;2;0
7795;3;0
7796;8;2
7797;1;0
7798;3;0
7799;5;0
7800;4;0
7801;8;3
7802;8;3
7803;1;0
7804;10;2
7805;9;4
7806;4;0
7807;4;0
7808;1;0
7809;7;0
7810;1;0
7811;8;2
7812;6;1
7813;5;1
7814;1;0
7815;3;0
7816;8;1
7817;3;0
7818;7;2
7819;2;0
7820;3;0
7821;8;1
7822;7;0
7823;9;2
7824;2;0
7825;3;0
7826;7;2
7827;6;0
7828;1;0
7829;3;0
7830;10;3
7831;2;0
7832;8;3
7833;6;1
7834;5;0
7835;8;1
7836;7;0
7837;9;3
7838;5;0
7839;6;0
7840;9;3
7841;6;0
7842;1;0
7843;8;2
7844;5;0
7845;1;0
7846;1;0
7847;10;5
7848;5;0
7849;9;3
7850;6;0
7851;5;1
7852;5;1
7853;1;0
7854;2;0
7855;6;1
7856;1;0
7857;9;3
7858;10;3
7859;8;1
7860;3;0
7861;8;1
7862;4;0
7863;9;2
7864;7;1
7865;9;2
7866;10;8
7867;10;7
7868;10;6
7869;3;0
7870;7;0
7871;9;3
7872;8;4
7873;1;0
7874;4;0
7875;8;0
7876;8;1
7877;10;4
7878;5;0
7879;2;0
7880;2;0
7881;7;0
7882;1;0
7883;2;0
7884;8;0
7885;5;1
7886;8;0
7887;7;3
7888;5;0
7889;10;6
7890;8;2
7891;8;0
7892;10;6
7893;8;1
7894;3;0
7895;1;0
7896;3;0
7897;3;0
7898;1;0
7899;7;0
7900;1;0
7901;1;0
7902;1;0
7903;3;0
7904;3;0
7905;7;3
7906;7;4
7907;4;0
7908;8;0
7909;4;0
7910;9;4
7911;2;0
7912;5;1
7913;9;0
7914;6;1
7915;7;1
7916;8;0
7917;2;0
7918;1;0
7919;2;0
7920;2;0
7921;3;0
7922;6;1
7923;1;0
7924;6;0
7925;9;2
7926;10;3
7927;1;0
7928;8;1
7929;3;0
7930;6;1
7931;5;0
7932;10;8
7933;9;2
7934;1;0
7935;1;0
7936;7;1
7937;9;2
7938;10;8
7939;2;0
7940;8;0
7941;4;0
7942;10;5
7943;1;0
7944;1;0
7945;6;0
7946;4;0
7947;1;0
7948;2;0
7949;7;2
7950;4;0
7951;1;0
7952;3;0
7953;9;4
7954;5;0
7955;8;3
7956;6;0
7957;10;5
7958;7;1
7959;4;0
7960;8;1
7961;7;0
7962;7;1
7963;5;1
7964;8;1
7965;5;0
7966;3;0
7967;7;1
7968;8;2
7969;6;0
7970;10;5
7971;9;7
7972;3;0
7973;9;2
7974;4;0
7975;8;0
7976;4;0
7977;6;1
7978;10;2
7979;10;3
7980;6;1
7981;9;3
7982;9;4
7983;2;0
7984;10;4
7985;6;0
7986;2;0
7987;1;0
7988;4;0
7989;4;0
7990;6;1
7991;7;1
7992;2;0
7993;6;3
7994;4;0
7995;2;0
7996;8;0
7997;6;0
7998;3;0
7999;7;1
8000;4;0
8001;8;4
8002;3;0
8003;7;1
8004;7;3
8005;5;1
8006;8;0
8007;4;1
8008;5;0
8009;7;0
8010;5;0
8011;10;3
8012;10;3
8013;8;0
8014;8;1
8015;9;1
8016;9;4
8017;5;1
8018;5;0
8019;3;1
8020;3;0
8021;2;0
8022;3;0
8023;5;0
8024;1;0
8025;4;0
8026;7;1
8027;8;3
8028;6;0
8029;3;0
8030;1;0
8031;9;4
8032;3;0
8033;4;1
8034;7;2
8035;9;1
8036;6;0
8037;3;0
8038;5;0
8039;6;1
8040;8;4
8041;8;1
8042;6;0
8043;7;1
8044;10;5
8045;6;0
8046;7;1
8047;5;0
8048;8;2
8049;5;0
8050;3;0
8051;3;0
8052;1;0
8053;1;0
8054;5;0
8055;2;0
8056;5;0
8057;9;3
8058;6;0
8059;4;0
8060;8;2
8061;1;0
8062;9;4
8063;3;0
8064;7;0
8065;7;0
8066;8;3
8067;7;0
8068;1;0
8069;10;4
8070;4;0
8071;7;1
8072;10;6
8073;10;3
8074;5;0
8075;5;0
8076;6;2
8077;6;2
8078;5;0
8079;5;0
8080;7;0
8081;3;0
8082;10;3
8083;1;0
8084;10;6
8085;8;3
8086;8;2
8087;3;0
8088;10;3
8089;5;0
8090;4;0
8091;8;0
8092;7;2
8093;2;0
8094;8;1
8095;8;1
8096;10;3
8097;4;0
8098;1;0
8099;4;1
8100;9;3
8101;10;4
8102;4;0
8103;9;3
8104;2;0
8105;7;0
8106;4;0
8107;2;0
8108;6;1
8109;10;5
8110;6;0
8111;9;2
8112;4;0
8113;1;0
8114;7;2
8115;6;0
8116;2;0
8117;9;2
8118;3;0
8119;9;2
8120;9;2
8121;5;2
8122;8;1
8123;7;1
8124;6;0
8125;6;0
8126;10;5
8127;8;0
8128;2;0
8129;8;7
8130;6;0
8131;3;0
8132;6;0
8133;2;0
8134;7;0
8135;7;0
8136;10;4
8137;2;0
8138;9;4
8139;4;0
8140;5;3
8141;6;0
8142;8;2
8143;10;3
8144;9;2
8145;6;0
8146;4;0
8147;6;0
8148;6;0
8149;3;0
8150;6;0
8151;1;0
8152;2;0
8153;2;0
8154;5;1
8155;5;0
8156;3;0
8157;8;3
8158;3;0
8159;7;0
8160;8;1
8161;6;1
8162;1;0
8163;8;0
8164;4;0
8165;4;0
8166;4;0
8167;2;0
8168;5;0
8169;10;3
8170;6;2
8171;1;0
8172;10;5
8173;10;9
8174;5;0
8175;4;0
8176;7;0
8177;8;1
8178;8;1
8179;1;0
8180;2;0
8181;5;0
8182;3;0
8183;9;1
8184;2;0
8185;6;0
8186;1;0
8187;4;0
8188;8;0
8189;3;0
8190;5;0
8191;2;0
8192;9;8
8193;3;0
8194;6;1
8195;10;5
8196;6;0
8197;10;1
8198;7;0
8199;6;0
8200;2;0
8201;3;0
8202;2;0
8203;6;1
8204;7;1
8205;6;0
8206;1;0
8207;3;0
8208;8;3
8209;2;0
8210;8;1
8211;5;0
8212;10;2
8213;2;0
8214;5;0
8215;4;0
8216;3;0
8217;2;0
8218;7;0
8219;9;2
8220;3;0
8221;10;4
8222;5;0
8223;2;0
8224;6;0
8225;5;0
8226;2;0
8227;8;4
8228;4;0
8229;5;0
8230;9;2
8231;8;4
8232;2;0
8233;2;0
8234;9;1
8235;10;3
8236;3;0
8237;7;1
8238;2;0
8239;7;0
8240;5;1
8241;9;0
8242;6;0
8243;6;1
8244;6;1
8245;10;1
8246;3;0
8247;7;3
8248;8;1
8249;3;0
8250;7;1
8251;4;0
8252;4;1
8253;8;2
8254;3;0
8255;3;0
8256;8;0
8257;10;4
8258;1;0
8259;3;1
8260;5;0
8261;4;0
8262;9;1
8263;3;0
8264;4;0
8265;10;2
8266;4;0
8267;8;1
8268;4;0
8269;6;0
8270;1;0
8271;7;2
8272;1;0
8273;1;0
8274;5;0
8275;5;1
8276;4;0
8277;10;1
8278;7;2
8279;6;0
8280;3;0
8281;5;0
8282;10;3
8283;1;0
8284;9;4
8285;6;1
8286;5;0
8287;4;0
8288;10;5
8289;7;1
8290;3;0
8291;4;0
8292;7;1
8293;10;3
8294;3;0
8295;1;0
8296;10;5
8297;4;0
8298;3;0
8299;6;0
8300;6;0
8301;5;0
8302;4;0
8303;3;0
8304;3;0
8305;1;0
8306;3;0
8307;3;0
8308;4;0
8309;9;3
8310;9;6
8311;9;3
8312;3;0
8313;5;0
8314;1;0
8315;10;6
8316;5;0
8317;8;2
8318;5;0
8319;8;1
8320;6;0
8321;1;0
8322;9;0
8323;7;0
8324;3;0
8325;7;0
8326;10;6
8327;2;0
8328;9;1
8329;4;0
8330;5;0
8331;1;0
8332;7;2
8333;1;0
8334;10;3
8335;9;3
8336;2;0
8337;7;0
8338;9;4
8339;9;1
8340;3;0
8341;2;0
8342;10;4
8343;2;0
8344;9;4
8345;5;1
8346;2;0
8347;2;0
8348;9;2
8349;3;0
8350;7;1
8351;2;0
8352;9;0
8353;5;0
8354;1;0
8355;6;1
8356;6;0
8357;7;1
8358;1;0
8359;6;1
8360;1;0
8361;2;0
8362;5;0
8363;10;3
8364;4;0
8365;8;2
8366;2;0
8367;3;0
8368;6;0
8369;3;0
8370;8;1
8371;8;0
8372;10;5
8373;7;0
8374;6;0
8375;4;0
8376;1;0
8377;8;1
8378;9;3
8379;9;3
8380;6;2
8381;9;2
8382;3;0
8383;6;0
8384;8;1
8385;4;0
8386;2;0
8387;2;0
8388;10;1
8389;5;0
8390;3;0
8391;5;0
8392;7;0
8393;3;0
8394;8;1
8395;2;0
8396;8;2
8397;10;7
8398;8;2
8399;1;0
8400;3;0
8401;10;4
8402;7;0
8403;6;1
8404;6;0
8405;9;6
8406;3;0
8407;3;0
8408;10;7
8409;8;2
8410;5;1
8411;8;5
8412;9;4
8413;2;0
8414;1;0
8415;2;0
8416;9;3
8417;9;3
8418;3;0
8419;1;0
8420;7;0
8421;1;0
8422;3;0
8423;1;0
8424;10;5
8425;3;0
8426;2;0
8427;8;4
8428;9;4
8429;5;0
8430;6;0
8431;1;0
8432;10;2
8433;9;5
8434;7;0
8435;7;1
8436;3;0
8437;7;0
8438;1;0
8439;9;0
8440;2;0
8441;9;2
8442;2;0
8443;3;0
8444;10;5
8445;5;0
8446;7;0
8447;5;0
8448;2;0
8449;6;1
8450;3;0
8451;9;2
8452;8;2
8453;8;2
8454;5;0
8455;3;0
8456;7;0
8457;6;0
8458;7;3
8459;3;0
8460;8;0
8461;6;0
8462;4;0
8463;6;0
8464;2;0
8465;5;0
8466;9;1
8467;1;0
8468;6;0
8469;5;0
8470;10;6
8471;2;0
8472;9;2
8473;5;1
8474;10;2
8475;8;2
8476;9;4
8477;1;0
8478;2;1
8479;6;0
8480;7;1
8481;7;0
8482;6;0
8483;3;0
8484;2;0
8485;8;0
8486;4;0
8487;2;0
8488;5;1
8489;4;0
8490;10;4
8491;8;0
8492;1;0
8493;8;3
8494;1;0
8495;6;0
8496;6;0
8497;7;2
8498;1;0
8499;6;0
8500;7;0
8501;6;0
8502;10;4
8503;8;2
8504;7;1
8505;1;0
8506;10;2
8507;4;0
8508;9;2
8509;7;1
8510;4;0
8511;7;3
8512;4;0
8513;1;0
8514;6;1
8515;2;0
8516;1;0
8517;2;0
8518;4;0
8519;5;0
8520;1;0
8521;8;3
8522;7;1
8523;2;0
8524;5;0
8525;2;0
8526;1;0
8527;1;0
8528;4;0
8529;4;0
8530;3;0
8531;2;0
8532;10;8
8533;7;0
8534;10;2
8535;2;0
8536;8;0
8537;8;0
8538;6;1
8539;2;0
8540;8;1
8541;1;0
8542;3;0
8543;8;4
8544;1;0
8545;3;0
8546;4;0
8547;1;0
8548;3;0
8549;10;8
8550;6;1
8551;4;0
8552;4;0
8553;6;0
8554;5;0
8555;10;0
8556;10;1
8557;8;1
8558;4;0
8559;5;0
8560;10;3
8561;9;3
8562;10;4
8563;6;1
8564;5;0
8565;2;0
8566;7;2
8567;8;1
8568;2;0
8569;5;1
8570;5;0
8571;3;0
8572;6;0
8573;2;0
8574;8;4
8575;1;0
8576;5;0
8577;9;2
8578;2;0
8579;2;0
8580;9;3
8581;1;0
8582;9;1
8583;5;0
8584;8;1
8585;9;4
8586;9;1
8587;5;0
8588;2;0
8589;1;0
8590;2;0
8591;10;1
8592;5;0
8593;1;0
8594;2;0
8595;9;6
8596;1;0
8597;8;1
8598;4;0
8599;9;2
8600;6;1
8601;6;0
8602;9;5
8603;8;0
8604;5;1
8605;4;0
8606;9;3
8607;2;0
8608;8;0
8609;4;0
8610;5;0
8611;1;0
8612;6;1
8613;2;0
8614;7;0
8615;10;5
8616;1;0
8617;6;2
8618;9;3
8619;6;0
8620;4;0
8621;3;0
8622;6;2
8623;2;0
8624;3;0
8625;5;0
8626;9;0
8627;5;1
8628;1;0
8629;10;3
8630;1;0
8631;8;2
8632;6;0
8633;4;0
8634;6;0
8635;3;0
8636;3;0
8637;1;0
8638;10;3
8639;4;0
8640;10;3
8641;8;0
8642;8;2
8643;9;3
8644;6;0
8645;2;0
8646;4;0
8647;4;0
8648;5;1
8649;3;0
8650;8;1
8651;6;0
8652;9;2
8653;8;4
8654;5;0
8655;4;0
8656;10;10
8657;7;0
8658;6;2
8659;1;0
8660;5;0
8661;5;0
8662;1;0
8663;8;3
8664;4;0
8665;8;2
8666;5;0
8667;3;0
8668;6;0
8669;4;0
8670;7;2
8671;10;3
8672;6;0
8673;5;1
8674;7;1
8675;7;1
8676;6;0
8677;8;1
8678;7;0
8679;2;0
8680;1;0
8681;6;1
8682;10;1
8683;8;0
8684;2;0
8685;5;0
8686;9;2
8687;9;2
8688;9;0
8689;3;0
8690;4;0
8691;6;0
8692;6;0
8693;10;7
8694;9;3
8695;6;0
8696;7;0
8697;10;5
8698;5;0
8699;8;3
8700;7;2
8701;1;0
8702;8;3
8703;1;0
8704;6;1
8705;9;4
8706;10;6
8707;5;0
8708;2;0
8709;9;4
8710;9;2
8711;2;0
8712;1;0
8713;4;0
8714;10;5
8715;10;4
8716;5;1
8717;4;0
8718;7;0
8719;9;1
8720;10;7
8721;7;0
8722;5;0
8723;3;0
8724;1;0
8725;1;0
8726;5;0
8727;7;1
8728;6;0
8729;2;0
8730;10;5
8731;7;2
8732;4;0
8733;10;5
8734;6;1
8735;10;4
8736;8;0
8737;9;3
8738;2;0
8739;4;0
8740;6;1
8741;4;0
8742;8;2
8743;10;4
8744;5;0
8745;2;0
8746;6;1
8747;2;0
8748;10;6
8749;10;2
8750;1;0
8751;4;0
8752;3;0
8753;7;0
8754;8;0
8755;1;0
8756;7;0
8757;5;0
8758;1;0
8759;6;0
8760;4;0
8761;3;0
8762;9;3
8763;1;0
8764;10;4
8765;2;0
8766;9;3
8767;1;0
8768;9;3
8769;10;2
8770;3;0
8771;6;0
8772;2;0
8773;3;0
8774;4;0
8775;6;0
8776;10;3
8777;6;2
8778;9;3
8779;10;3
8780;6;0
8781;3;0
8782;7;2
8783;7;0
8784;1;0
8785;7;1
8786;4;0
8787;8;1
8788;2;0
8789;6;0
8790;4;0
8791;3;0
8792;9;9
8793;7;1
8794;10;4
8795;3;0
8796;6;1
8797;8;3
8798;10;2
8799;3;0
8800;3;0
8801;5;0
8802;4;0
8803;1;0
8804;7;1
8805;5;0
8806;3;0
8807;1;0
8808;3;0
8809;3;0
8810;1;0
8811;2;0
8812;7;0
8813;1;0
8814;1;0
8815;2;0
8816;7;2
8817;3;0
8818;10;6
8819;3;0
8820;9;1
8821;2;0
8822;10;3
8823;4;0
8824;6;0
8825;10;2
8826;8;0
8827;5;1
8828;3;0
8829;1;0
8830;1;0
8831;3;0
8832;6;0
8833;7;1
8834;8;4
8835;1;0
8836;9;2
8837;7;0
8838;10;5
8839;7;2
8840;5;0
8841;4;0
8842;5;0
8843;9;3
8844;5;0
8845;3;0
8846;7;0
8847;9;1
8848;7;1
8849;9;4
8850;7;0
8851;3;0
8852;8;1
8853;8;1
8854;4;0
8855;2;0
8856;6;1
8857;1;0
8858;5;0
8859;7;1
8860;8;0
8861;8;4
8862;8;4
8863;3;0
8864;2;0
8865;9;3
8866;6;1
8867;10;5
8868;4;0
8869;10;4
8870;3;0
8871;10;5
8872;4;0
8873;4;0
8874;9;3
8875;6;0
8876;7;0
8877;1;0
8878;9;7
8879;4;0
8880;4;0
8881;10;7
8882;8;3
8883;5;0
8884;4;0
8885;9;5
8886;5;1
8887;9;2
8888;3;0
8889;7;1
8890;6;0
8891;9;3
8892;3;0
8893;3;0
8894;10;6
8895;7;1
8896;6;0
8897;2;0
8898;8;1
8899;6;0
8900;7;1
8901;7;2
8902;5;0
8903;7;1
8904;7;0
8905;8;2
8906;10;3
8907;5;2
8908;9;2
8909;8;2
8910;5;0
8911;5;1
8912;2;0
8913;2;0
8914;3;0
8915;8;3
8916;1;0
8917;4;0
8918;9;2
8919;4;0
8920;5;0
8921;8;1
8922;8;0
8923;8;1
8924;5;0
8925;5;0
8926;8;2
8927;1;0
8928;4;0
8929;3;0
8930;1;0
8931;6;0
8932;4;0
8933;4;0
8934;7;0
8935;8;1
8936;5;0
8937;1;0
8938;8;1
8939;7;2
8940;10;2
8941;10;4
8942;10;4
8943;5;2
8944;2;0
8945;1;0
8946;7;0
8947;1;0
8948;10;8
8949;2;0
8950;7;1
8951;2;0
8952;4;0
8953;4;0
8954;2;0
8955;9;3
8956;10;3
8957;8;1
8958;3;0
8959;2;0
8960;10;6
8961;9;5
8962;1;0
8963;7;1
8964;8;3
8965;9;3
8966;1;0
8967;8;0
8968;5;0
8969;6;0
8970;4;0
8971;10;3
8972;6;0
8973;2;0
8974;5;0
8975;5;0
8976;8;1
8977;3;0
8978;6;1
8979;5;1
8980;8;4
8981;7;1
8982;1;0
8983;3;0
8984;6;1
8985;9;2
8986;3;0
8987;1;0
8988;3;0
8989;8;4
8990;9;2
8991;8;2
8992;9;2
8993;7;1
8994;8;0
8995;1;0
8996;10;6
8997;4;0
8998;8;2
8999;4;0
9000;10;1
9001;9;0
9002;7;1
9003;5;0
9004;9;6
9005;8;1
9006;7;1
9007;2;0
9008;9;3
9009;7;1
9010;1;0
9011;7;1
9012;2;0
9013;9;3
9014;4;0
9015;4;0
9016;8;0
9017;9;0
9018;1;0
9019;10;5
9020;7;1
9021;1;0
9022;6;1
9023;7;1
9024;8;3
9025;6;1
9026;1;0
9027;10;5
9028;5;0
9029;4;0
9030;6;0
9031;5;1
9032;5;0
9033;3;0
9034;5;0
9035;10;3
9036;10;3
9037;7;3
9038;5;1
9039;9;2
9040;3;0
9041;1;0
9042;2;0
9043;6;0
9044;7;1
9045;2;0
9046;6;0
9047;1;0
9048;3;0
9049;5;0
9050;4;0
9051;1;0
9052;4;0
9053;9;3
9054;7;0
9055;10;5
9056;4;0
9057;1;0
9058;8;2
9059;3;0
9060;7;0
9061;7;1
9062;7;1
9063;5;0
9064;2;0
9065;7;3
9066;3;1
9067;10;2
9068;4;0
9069;5;0
9070;4;1
9071;2;0
9072;5;0
9073;2;0
9074;7;2
9075;6;1
9076;9;3
9077;10;4
9078;10;2
9079;6;0
9080;1;0
9081;1;0
9082;7;0
9083;1;0
9084;1;0
9085;5;0
9086;2;0
9087;7;0
9088;6;0
9089;5;0
9090;7;0
9091;10;3
9092;10;2
9093;2;0
9094;3;0
9095;6;0
9096;5;0
9097;7;1
9098;5;0
9099;1;0
9100;10;3
9101;6;0
9102;7;1
9103;9;2
9104;2;0
9105;3;0
9106;7;2
9107;2;0
9108;2;0
9109;1;0
9110;1;0
9111;4;0
9112;1;0
9113;2;0
9114;2;0
9115;6;0
9116;1;0
9117;7;1
9118;5;0
9119;8;2
9120;6;1
9121;6;0
9122;4;0
9123;10;6
9124;8;3
9125;4;0
9126;2;0
9127;3;0
9128;9;3
9129;2;0
9130;2;0
9131;3;0
9132;6;1
9133;10;3
9134;6;1
9135;5;0
9136;5;0
9137;8;3
9138;10;9
9139;9;6
9140;9;3
9141;10;3
9142;6;0
9143;6;0
9144;5;0
9145;3;0
9146;9;1
9147;8;2
9148;10;5
9149;8;1
9150;5;0
9151;8;1
9152;3;0
9153;8;3
9154;6;0
9155;5;1
9156;2;0
9157;8;1
9158;1;0
9159;8;0
9160;1;0
9161;4;0
9162;3;0
9163;1;0
9164;10;2
9165;9;2
9166;9;0
9167;2;0
9168;6;0
9169;8;0
9170;2;0
9171;4;0
9172;8;0
9173;6;0
9174;9;1
9175;6;0
9176;1;0
9177;9;1
9178;6;0
9179;6;0
9180;5;1
9181;5;0
9182;3;0
9183;2;0
9184;7;2
9185;4;0
9186;10;3
9187;9;2
9188;4;1
9189;2;0
9190;3;0
9191;8;1
9192;7;1
9193;2;0
9194;9;3
9195;6;3
9196;8;2
9197;5;0
9198;7;1
9199;6;0
9200;5;0
9201;8;2
9202;2;0
9203;3;0
9204;6;1
9205;2;0
9206;1;0
9207;7;2
9208;9;2
9209;10;10
9210;4;0
9211;4;1
9212;3;0
9213;6;1
9214;3;0
9215;7;1
9216;1;0
9217;1;0
9218;4;0
9219;6;1
9220;9;4
9221;1;0
9222;8;2
9223;5;1
9224;5;0
9225;5;0
9226;7;1
9227;6;1
9228;8;0
9229;4;0
9230;8;2
9231;6;0
9232;3;0
9233;10;4
9234;1;0
9235;8;0
9236;3;0
9237;1;0
9238;7;0
9239;6;1
9240;4;0
9241;4;0
9242;10;4
9243;4;0
9244;9;2
9245;10;2
9246;6;0
9247;2;0
9248;9;2
9249;3;0
9250;5;0
9251;7;0
9252;2;0
9253;1;0
9254;8;2
9255;5;0
9256;10;7
9257;8;0
9258;9;4
9259;2;0
9260;6;1
9261;5;1
9262;10;3
9263;6;1
9264;3;0
9265;9;0
9266;2;0
9267;3;1
9268;5;0
9269;6;0
9270;4;0
9271;1;0
9272;5;0
9273;9;1
9274;2;0
9275;6;0
9276;1;0
9277;4;0
9278;7;0
9279;6;0
9280;10;2
9281;5;0
9282;7;1
9283;5;1
9284;9;0
9285;1;0
9286;4;0
9287;2;0
9288;2;0
9289;7;2
9290;8;2
9291;6;0
9292;2;0
9293;5;0
9294;10;3
9295;9;6
9296;4;0
9297;5;0
9298;2;0
9299;10;2
9300;9;4
9301;3;0
9302;7;1
9303;4;0
9304;9;7
9305;5;0
9306;3;0
9307;4;0
9308;9;0
9309;2;0
9310;4;0
9311;6;1
9312;2;0
9313;4;0
9314;3;0
9315;1;0
9316;9;2
9317;6;0
9318;8;1
9319;2;0
9320;5;1
9321;10;2
9322;2;0
9323;9;1
9324;8;2
9325;9;5
9326;9;4
9327;10;5
9328;9;4
9329;4;1
9330;3;0
9331;7;1
9332;3;0
9333;7;1
9334;7;1
9335;7;0
9336;9;5
9337;4;0
9338;6;1
9339;4;0
9340;9;1
9341;1;0
9342;3;0
9343;10;2
9344;3;0
9345;3;0
9346;4;0
9347;9;2
9348;3;0
9349;10;2
9350;1;0
9351;9;5
9352;8;3
9353;1;0
9354;6;0
9355;9;2
9356;2;0
9357;9;4
9358;6;3
9359;1;0
9360;7;3
9361;4;0
9362;6;0
9363;6;1
9364;10;2
9365;8;2
9366;4;0
9367;6;0
9368;7;1
9369;6;0
9370;3;0
9371;5;0
9372;10;5
9373;4;0
9374;3;0
9375;4;0
9376;7;1
9377;2;0
9378;6;2
9379;6;0
9380;5;0
9381;10;3
9382;8;1
9383;10;5
9384;3;0
9385;5;1
9386;10;4
9387;2;0
9388;1;0
9389;8;1
9390;6;0
9391;10;7
9392;9;2
9393;6;1
9394;7;0
9395;6;0
9396;6;0
9397;8;2
9398;1;0
9399;6;0
9400;9;2
9401;9;3
9402;2;0
9403;7;0
9404;8;1
9405;7;0
9406;9;1
9407;4;0
9408;8;1
9409;2;0
9410;2;0
9411;10;6
9412;4;1
9413;10;6
9414;6;0
9415;7;0
9416;6;0
9417;7;0
9418;3;0
9419;6;2
9420;8;0
9421;3;0
9422;6;0
9423;9;4
9424;10;3
9425;3;0
9426;6;0
9427;4;0
9428;7;1
9429;8;4
9430;9;2
9431;10;8
9432;2;0
9433;10;7
9434;7;0
9435;7;2
9436;9;3
9437;1;0
9438;2;0
9439;7;0
9440;6;0
9441;7;0
9442;4;0
9443;9;4
9444;7;0
9445;6;1
9446;7;0
9447;9;3
9448;1;0
9449;1;0
9450;10;7
9451;10;3
9452;5;0
9453;5;0
9454;9;1
9455;7;2
9456;4;0
9457;4;0
9458;7;1
9459;6;2
9460;1;0
9461;6;0
9462;7;0
9463;1;0
9464;4;0
9465;2;0
9466;9;3
9467;5;0
9468;4;0
9469;10;5
9470;9;1
9471;6;0
9472;5;0
9473;6;0
9474;1;0
9475;2;0
9476;9;4
9477;7;2
9478;3;0
9479;5;0
9480;6;1
9481;8;1
9482;4;0
9483;7;0
9484;9;1
9485;10;5
9486;6;0
9487;7;3
9488;1;0
9489;10;5
9490;4;0
9491;5;0
9492;4;0
9493;7;0
9494;7;1
9495;10;6
9496;10;4
9497;4;0
9498;6;0
9499;5;0
9500;8;2
9501;3;0
9502;6;0
9503;1;0
9504;2;0
9505;4;0
9506;5;1
9507;9;4
9508;4;0
9509;7;2
9510;9;1
9511;7;0
9512;1;0
9513;3;0
9514;10;6
9515;4;0
9516;2;0
9517;10;3
9518;2;0
9519;4;0
9520;7;1
9521;3;0
9522;4;0
9523;4;0
9524;7;0
9525;4;0
9526;2;0
9527;8;3
9528;10;4
9529;1;0
9530;2;0
9531;6;0
9532;2;0
9533;9;2
9534;7;0
9535;4;0
9536;3;0
9537;3;0
9538;5;0
9539;5;0
9540;5;0
9541;8;1
9542;3;0
9543;4;0
9544;2;0
9545;7;0
9546;5;0
9547;1;0
9548;8;3
9549;3;0
9550;8;1
9551;1;0
9552;2;0
9553;2;0
9554;8;2
9555;6;1
9556;9;3
9557;2;0
9558;5;1
9559;9;3
9560;2;0
9561;8;3
9562;9;2
9563;4;0
9564;6;2
9565;3;0
9566;6;1
9567;3;0
9568;6;0
9569;6;0
9570;2;0
9571;10;3
9572;5;0
9573;7;1
9574;9;4
9575;10;5
9576;10;4
9577;10;2
9578;3;0
9579;10;3
9580;10;1
9581;2;0
9582;1;0
9583;7;1
9584;3;0
9585;2;0
9586;4;0
9587;10;5
9588;1;0
9589;2;0
9590;5;0
9591;2;0
9592;8;1
9593;7;0
9594;4;0
9595;8;0
9596;9;2
9597;10;4
9598;9;4
9599;9;4
9600;2;0
9601;3;0
9602;5;0
9603;2;0
9604;2;0
9605;9;1
9606;6;0
9607;5;1
9608;3;0
9609;9;1
9610;6;0
9611;10;3
9612;9;3
9613;6;0
9614;9;1
9615;1;0
9616;8;1
9617;2;0
9618;1;0
9619;5;0
9620;9;0
9621;6;0
9622;2;0
9623;5;0
9624;2;0
9625;10;5
9626;2;0
9627;8;0
9628;4;0
9629;2;0
9630;2;0
9631;10;4
9632;1;0
9633;4;0
9634;8;1
9635;8;0
9636;7;2
9637;9;5
9638;5;0
9639;5;0
9640;6;0
9641;9;1
9642;8;2
9643;3;0
9644;7;3
9645;6;0
9646;3;0
9647;3;0
9648;9;2
9649;3;0
9650;1;0
9651;7;1
9652;9;7
9653;5;0
9654;1;0
9655;7;1
9656;1;0
9657;1;0
9658;1;0
9659;2;0
9660;7;2
9661;8;2
9662;2;0
9663;2;0
9664;7;0
9665;6;0
9666;9;3
9667;6;0
9668;8;1
9669;2;0
9670;4;0
9671;9;3
9672;7;0
9673;7;2
9674;9;2
9675;10;4
9676;8;0
9677;9;1
9678;9;1
9679;7;2
9680;8;1
9681;10;4
9682;10;4
9683;1;0
9684;2;0
9685;5;0
9686;2;0
9687;7;0
9688;4;0
9689;2;0
9690;7;0
9691;7;3
9692;9;2
9693;4;0
9694;8;2
9695;8;0
9696;8;2
9697;7;0
9698;6;3
9699;1;0
9700;7;0
9701;7;0
9702;5;0
9703;7;0
9704;10;5
9705;2;0
9706;10;6
9707;3;0
9708;6;0
9709;1;0
9710;9;1
9711;3;0
9712;3;0
9713;5;0
9714;5;0
9715;8;1
9716;9;2
9717;2;0
9718;1;0
9719;3;0
9720;5;0
9721;2;0
9722;3;0
9723;6;0
9724;5;0
9725;8;1
9726;1;0
9727;4;0
9728;9;7
9729;2;0
9730;3;0
9731;2;0
9732;3;0
9733;8;2
9734;10;4
9735;2;0
9736;5;0
9737;4;0
9738;2;0
9739;10;3
9740;6;2
9741;9;2
9742;2;0
9743;3;0
9744;4;0
9745;5;0
9746;4;0
9747;4;0
9748;10;4
9749;1;0
9750;10;2
9751;6;1
9752;6;0
9753;4;1
9754;6;2
9755;5;0
9756;5;0
9757;9;5
9758;2;0
9759;2;0
9760;2;0
9761;6;0
9762;5;0
9763;5;0
9764;8;0
9765;7;1
9766;10;3
9767;5;0
9768;5;0
9769;3;0
9770;4;0
9771;5;0
9772;1;0
9773;1;0
9774;7;2
9775;7;0
9776;1;0
9777;10;4
9778;3;0
9779;1;0
9780;5;0
9781;7;1
9782;5;0
9783;9;1
9784;2;0
9785;7;0
9786;6;0
9787;10;7
9788;3;0
9789;5;0
9790;8;1
9791;6;1
9792;2;0
9793;10;5
9794;8;0
9795;10;4
9796;4;0
9797;7;0
9798;6;1
9799;7;0
9800;6;0
9801;10;3
9802;10;5
9803;7;0
9804;8;4
9805;5;0
9806;6;0
9807;6;1
9808;7;0
9809;9;1
9810;5;1
9811;5;0
9812;7;0
9813;2;0
9814;8;3
9815;6;2
9816;1;0
9817;7;2
9818;4;0
9819;1;0
9820;1;0
9821;10;3
9822;3;0
9823;1;0
9824;6;1
9825;8;1
9826;4;0
9827;1;0
9828;4;0
9829;8;3
9830;3;0
9831;4;0
9832;5;0
9833;7;1
9834;5;0
9835;5;0
9836;8;1
9837;9;2
9838;2;0
9839;7;1
9840;1;0
9841;1;0
9842;3;0
9843;4;0
9844;1;0
9845;3;0
9846;10;3
9847;1;0
9848;3;0
9849;3;0
9850;9;4
9851;8;1
9852;4;0
9853;5;0
9854;6;0
9855;6;2
9856;8;2
9857;9;3
9858;1;0
9859;10;4
9860;2;0
9861;6;2
9862;3;0
9863;10;2
9864;7;0
9865;1;0
9866;1;0
9867;10;2
9868;7;1
9869;3;0
9870;8;3
9871;3;0
9872;5;0
9873;7;2
9874;10;8
9875;10;4
9876;8;3
9877;9;2
9878;10;6
9879;4;0
9880;9;6
9881;3;0
9882;9;2
9883;1;0
9884;9;6
9885;5;0
9886;1;0
9887;10;6
9888;1;0
9889;10;3
9890;8;2
9891;9;3
9892;8;1
9893;2;0
9894;5;1
9895;6;0
9896;9;6
9897;4;0
9898;8;1
9899;1;0
9900;3;0
9901;10;7
9902;5;0
9903;10;7
9904;5;0
9905;7;1
9906;3;0
9907;7;0
9908;5;0
9909;7;0
9910;9;0
9911;9;3
9912;10;4
9913;8;1
9914;2;0
9915;10;4
9916;8;0
9917;2;0
9918;1;0
9919;2;0
9920;1;0
9921;1;0
9922;10;0
9923;7;0
9924;5;0
9925;10;2
9926;5;0
9927;4;0
9928;3;0
9929;5;0
9930;1;0
9931;4;0
9932;1;0
9933;10;6
9934;1;0
9935;9;1
9936;9;4
9937;9;5
9938;6;1
9939;3;0
9940;2;0
9941;4;0
9942;6;0
9943;5;1
9944;2;0
9945;10;1
9946;10;4
9947;1;0
9948;1;0
9949;6;0
9950;9;5
9951;8;1
9952;3;0
9953;7;0
9954;10;3
9955;2;0
9956;1;0
9957;8;0
9958;5;0
9959;6;0
9960;2;0
9961;10;4
9962;5;0
9963;1;0
9964;6;0
9965;5;0
9966;9;5
9967;10;4
9968;7;1
9969;3;0
9970;1;0
9971;9;1
9972;6;1
9973;9;4
9974;10;2
9975;7;0
9976;6;0
9977;5;1
9978;6;0
9979;6;0
9980;1;0
9981;5;1
9982;4;0
9983;8;0
9984;7;2
9985;4;0
9986;2;0
9987;5;0
9988;10;3
9989;9;3
9990;9;3
9991;2;0
9992;4;0
9993;1;0
9994;2;0
9995;3;0
9996;10;2
9997;5;0
9998;10;4
9999;7;0
